bug_id,affected_versions
HIVE-28516,[]
HIVE-28515,"['4.1.0', '4.0.1']"
HIVE-28513,[]
HIVE-28509,[]
HIVE-28487,"['4.1.0', '4.0.1']"
HIVE-28473,[]
HIVE-28455,[]
HIVE-28451,"['4.1.0', '4.0.1']"
HIVE-28441,[]
HIVE-28439,"['4.1.0', '4.0.1']"
HIVE-28426,['Not Applicable']
HIVE-28366,['4.1.0']
HIVE-28362,[]
HIVE-28360,"['4.1.0', '4.0.1']"
HIVE-28353,"['4.1.0', '4.0.1']"
HIVE-28347,"['4.1.0', '4.0.1']"
HIVE-28332,[]
HIVE-28331,[]
HIVE-28330,['4.1.0']
HIVE-28328,[]
HIVE-28301,[]
HIVE-28285,"['4.1.0', '4.0.1']"
HIVE-28280,[]
HIVE-28278,"['4.1.0', '4.0.1']"
HIVE-28277,['4.0.0']
HIVE-28266,"['4.1.0', '4.0.1']"
HIVE-28265,[]
HIVE-28264,"['4.1.0', '4.0.1']"
HIVE-28262,"['4.1.0', '4.0.1']"
HIVE-28241,[]
HIVE-28239,"['4.1.0', '4.0.1']"
HIVE-28229,[]
HIVE-28223,[]
HIVE-28222,[]
HIVE-28221,[]
HIVE-28220,[]
HIVE-28218,[]
HIVE-28217,"['4.1.0', '4.0.1']"
HIVE-28208,[]
HIVE-28207,"['4.1.0', '4.0.1']"
HIVE-28202,"['4.1.0', '4.0.1']"
HIVE-28198,[]
HIVE-28190,"['4.1.0', '4.0.1']"
HIVE-28189,[]
HIVE-28186,[]
HIVE-28179,['4.1.0']
HIVE-28173,"['4.1.0', '4.0.1']"
HIVE-28166,"['4.1.0', '4.0.1']"
HIVE-28161,"['4.1.0', '4.0.1']"
HIVE-28143,"['4.1.0', '4.0.1']"
HIVE-28141,[]
HIVE-28124,[]
HIVE-28123,['4.0.0']
HIVE-28121,"['2.3.10', '4.1.0', '4.0.1']"
HIVE-28120,['Not Applicable']
HIVE-28117,[]
HIVE-28108,['4.1.0']
HIVE-28103,[]
HIVE-28096,[]
HIVE-28088,[]
HIVE-28085,[]
HIVE-28082,"['4.1.0', '4.0.1']"
HIVE-28079,[]
HIVE-28075,[]
HIVE-28061,[]
HIVE-28054,['4.0.0']
HIVE-28053,['4.0.0']
HIVE-28026,['Not Applicable']
HIVE-28021,['4.0.0']
HIVE-28014,[]
HIVE-28009,['4.0.0']
HIVE-28006,"['4.1.0', '4.0.1']"
HIVE-28004,['4.0.0']
HIVE-28002,['4.0.0-beta-1']
HIVE-27997,[]
HIVE-27996,[]
HIVE-27988,['4.0.0']
HIVE-27985,[]
HIVE-27981,[]
HIVE-27967,['4.0.0']
HIVE-27962,['4.0.0']
HIVE-27960,['4.0.0']
HIVE-27952,['4.0.0']
HIVE-27951,['4.0.0']
HIVE-27950,['4.0.0']
HIVE-27948,['4.0.0']
HIVE-27944,[]
HIVE-27943,['4.0.0']
HIVE-27942,['4.0.0']
HIVE-27941,[]
HIVE-27939,[]
HIVE-27930,['4.0.0']
HIVE-27924,['4.0.0']
HIVE-27916,['4.0.0']
HIVE-27900,['Not Applicable']
HIVE-27866,['4.0.0']
HIVE-27858,['Not Applicable']
HIVE-27854,[]
HIVE-27847,"['4.1.0', '4.0.1']"
HIVE-27805,[]
HIVE-27801,['4.0.0']
HIVE-27797,['4.0.0']
HIVE-27792,[]
HIVE-27788,[]
HIVE-27775,['4.0.0']
HIVE-27749,['4.0.0']
HIVE-27748,[]
HIVE-27739,[]
HIVE-27733,['4.0.0']
HIVE-27713,['4.0.0']
HIVE-27695,['4.0.0']
HIVE-27675,['4.0.0']
HIVE-27667,['4.0.0']
HIVE-27658,['4.0.0']
HIVE-27655,[]
HIVE-27649,['4.0.0']
HIVE-27647,[]
HIVE-27642,['4.0.0']
HIVE-27631,['4.0.0']
HIVE-27594,[]
HIVE-27555,['4.0.0']
HIVE-27553,[]
HIVE-27502,['4.0.0-beta-1']
HIVE-27484,[]
HIVE-27480,[]
HIVE-27449,['4.0.0-beta-1']
HIVE-27439,['4.0.0-beta-1']
HIVE-27420,['Not Applicable']
HIVE-27414,[]
HIVE-27374,['4.0.0-beta-1']
HIVE-27357,"['4.1.0', '4.0.1']"
HIVE-27350,[]
HIVE-27344,['4.0.0-beta-1']
HIVE-27342,[]
HIVE-27338,['4.0.0-beta-1']
HIVE-27337,['4.0.0-alpha-1']
HIVE-27326,[]
HIVE-27324,['4.0.0']
HIVE-27318,['3.1.4']
HIVE-27315,[]
HIVE-27293,[]
HIVE-27289,['4.0.0-beta-1']
HIVE-27274,[]
HIVE-27268,['4.0.0-beta-1']
HIVE-27240,['4.0.0']
HIVE-27226,[]
HIVE-27193,[]
HIVE-27170,[]
HIVE-27161,['4.0.0']
HIVE-27157,['4.0.0-beta-1']
HIVE-27156,[]
HIVE-27149,[]
HIVE-27140,['4.0.0-beta-1']
HIVE-27115,[]
HIVE-27098,[]
HIVE-27093,['4.0.0']
HIVE-27076,[]
HIVE-27071,['4.0.0-beta-1']
HIVE-27068,['3.1.4']
HIVE-27065,['4.0.0-beta-1']
HIVE-27063,['4.0.0-beta-1']
HIVE-27059,[]
HIVE-27053,[]
HIVE-27042,[]
HIVE-27041,[]
HIVE-27038,[]
HIVE-27037,[]
HIVE-26987,[]
HIVE-26959,[]
HIVE-26946,[]
HIVE-26911,['4.0.0-beta-1']
HIVE-26902,[]
HIVE-26900,[]
HIVE-26891,['Not Applicable']
HIVE-26881,[]
HIVE-26877,[]
HIVE-26872,[]
HIVE-26863,['Not Applicable']
HIVE-26835,[]
HIVE-26831,[]
HIVE-26828,['4.0.0']
HIVE-26819,['3.2.0']
HIVE-26812,['4.0.0-beta-1']
HIVE-26783,[]
HIVE-26782,[]
HIVE-26781,[]
HIVE-26780,[]
HIVE-26779,[]
HIVE-26778,[]
HIVE-26777,[]
HIVE-26776,[]
HIVE-26775,['Not Applicable']
HIVE-26767,['4.0.0-beta-1']
HIVE-26764,[]
HIVE-26759,['4.0.0-beta-1']
HIVE-26755,[]
HIVE-26739,[]
HIVE-26733,[]
HIVE-26722,[]
HIVE-26721,[]
HIVE-26720,[]
HIVE-26715,[]
HIVE-26689,[]
HIVE-26687,[]
HIVE-26678,[]
HIVE-26673,['Not Applicable']
HIVE-26669,[]
HIVE-26667,[]
HIVE-26664,[]
HIVE-26663,[]
HIVE-26658,['4.0.0-beta-1']
HIVE-26654,[]
HIVE-26652,['4.0.0-alpha-2']
HIVE-26643,['4.0.0-alpha-2']
HIVE-26637,[]
HIVE-26633,['4.0.0-alpha-2']
HIVE-26616,[]
HIVE-26591,[]
HIVE-26584,['4.0.0-alpha-2']
HIVE-26577,[]
HIVE-26570,[]
HIVE-26568,['4.0.0-alpha-2']
HIVE-26560,[]
HIVE-26545,[]
HIVE-26544,[]
HIVE-26533,[]
HIVE-26531,[]
HIVE-26530,['3.2.0']
HIVE-26528,[]
HIVE-26523,[]
HIVE-26522,"['2.3.10', '4.0.0-beta-1']"
HIVE-26515,[]
HIVE-26508,[]
HIVE-26505,[]
HIVE-26503,[]
HIVE-26499,[]
HIVE-26492,[]
HIVE-26472,[]
HIVE-26466,['4.0.0-alpha-2']
HIVE-26465,[]
HIVE-26449,[]
HIVE-26447,['4.0.0-alpha-2']
HIVE-26436,[]
HIVE-26434,['2.3.10']
HIVE-26422,[]
HIVE-26415,[]
HIVE-26406,[]
HIVE-26404,['4.0.0-alpha-2']
HIVE-26398,[]
HIVE-26396,"['3.2.0', '4.0.0-alpha-2']"
HIVE-26382,[]
HIVE-26376,[]
HIVE-26374,['4.0.0-alpha-2']
HIVE-26355,['4.0.0-alpha-2']
HIVE-26347,[]
HIVE-26339,"['4.1.0', '4.0.1']"
HIVE-26337,[]
HIVE-26335,[]
HIVE-26333,[]
HIVE-26327,[]
HIVE-26320,['4.0.0-alpha-2']
HIVE-26303,[]
HIVE-26302,[]
HIVE-26295,[]
HIVE-26292,[]
HIVE-26287,[]
HIVE-26286,[]
HIVE-26277,['4.0.0-alpha-2']
HIVE-26273,[]
HIVE-26271,[]
HIVE-26268,['4.0.0-alpha-2']
HIVE-26259,[]
HIVE-26257,[]
HIVE-26232,[]
HIVE-26218,[]
HIVE-26213,[]
HIVE-26211,[]
HIVE-26209,[]
HIVE-26205,['4.0.0-alpha-2']
HIVE-26201,[]
HIVE-26197,['4.0.0-alpha-2']
HIVE-26192,['4.0.0-alpha-2']
HIVE-26186,[]
HIVE-26184,['4.0.0-alpha-2']
HIVE-26180,['4.0.0-alpha-2']
HIVE-26175,[]
HIVE-26159,['Not Applicable']
HIVE-26158,['4.0.0-alpha-2']
HIVE-26153,[]
HIVE-26152,[]
HIVE-26147,['4.0.0-alpha-2']
HIVE-26140,[]
HIVE-26132,[]
HIVE-26131,['4.0.0-alpha-2']
HIVE-26130,[]
HIVE-26125,[]
HIVE-26120,[]
HIVE-26114,['4.0.0-alpha-2']
HIVE-26112,[]
HIVE-26111,[]
HIVE-26104,[]
HIVE-26097,[]
HIVE-26090,[]
HIVE-26088,[]
HIVE-26087,[]
HIVE-26060,['4.0.0-alpha-2']
HIVE-26049,['4.0.0-alpha-1']
HIVE-26048,['4.0.0-alpha-1']
HIVE-26036,['4.0.0-alpha-1']
HIVE-26018,"['4.1.0', '4.0.1']"
HIVE-26017,['4.0.0-alpha-1']
HIVE-26011,[]
HIVE-25999,[]
HIVE-25997,['4.0.0-alpha-1']
HIVE-25992,[]
HIVE-25991,['3.2.0']
HIVE-25986,['4.0.0-alpha-1']
HIVE-25985,[]
HIVE-25983,[]
HIVE-25982,[]
HIVE-25978,[]
HIVE-25973,['4.0.0-alpha-1']
HIVE-25968,['2.3.0']
HIVE-25964,['4.0.0-alpha-1']
HIVE-25962,[]
HIVE-25957,['4.0.0-alpha-1']
HIVE-25950,[]
HIVE-25949,[]
HIVE-25946,[]
HIVE-25926,['4.0.0-alpha-1']
HIVE-25925,[]
HIVE-25924,[]
HIVE-25923,[]
HIVE-25917,['4.0.0-alpha-1']
HIVE-25914,['4.0.0-alpha-1']
HIVE-25912,['4.0.0-alpha-1']
HIVE-25908,[]
HIVE-25907,['4.0.0-alpha-2']
HIVE-25905,[]
HIVE-25882,[]
HIVE-25876,[]
HIVE-25866,[]
HIVE-25863,[]
HIVE-25853,['4.0.0-alpha-2']
HIVE-25850,[]
HIVE-25846,[]
HIVE-25844,['4.0.0-alpha-1']
HIVE-25839,['4.0.0-alpha-1']
HIVE-25838,[]
HIVE-25836,[]
HIVE-25834,[]
HIVE-25833,[]
HIVE-25825,['4.0.0-alpha-1']
HIVE-25817,[]
HIVE-25811,['4.0.0-alpha-2']
HIVE-25803,['4.0.0']
HIVE-25802,['4.0.0-alpha-2']
HIVE-25797,[]
HIVE-25795,['4.0.0-alpha-1']
HIVE-25793,[]
HIVE-25777,[]
HIVE-25774,['4.0.0-alpha-1']
HIVE-25766,['4.0.0-alpha-1']
HIVE-25765,[]
HIVE-25758,['4.0.0-alpha-2']
HIVE-25757,['4.0.0-alpha-1']
HIVE-25749,['4.0.0-alpha-1']
HIVE-25746,['4.0.0-alpha-1']
HIVE-25743,[]
HIVE-25734,['4.0.0-alpha-1']
HIVE-25730,['3.1.1']
HIVE-25717,[]
HIVE-25716,['4.0.0-alpha-1']
HIVE-25698,[]
HIVE-25694,[]
HIVE-25675,['4.0.0-alpha-1']
HIVE-25672,[]
HIVE-25671,[]
HIVE-25669,[]
HIVE-25662,[]
HIVE-25659,['4.0.0-alpha-1']
HIVE-25648,[]
HIVE-25646,"['3.2.0', '4.0.0-alpha-1']"
HIVE-25644,[]
HIVE-25641,[]
HIVE-25640,[]
HIVE-25627,[]
HIVE-25626,['4.0.0-alpha-1']
HIVE-25621,['4.0.0-alpha-2']
HIVE-25617,[]
HIVE-25615,[]
HIVE-25614,[]
HIVE-25606,[]
HIVE-25605,[]
HIVE-25600,['3.1.3']
HIVE-25588,[]
HIVE-25582,['4.0.0-alpha-1']
HIVE-25577,['4.0.0-alpha-1']
HIVE-25570,['4.0.0-alpha-1']
HIVE-25567,[]
HIVE-25565,[]
HIVE-25562,[]
HIVE-25561,['4.0.0-alpha-1']
HIVE-25559,[]
HIVE-25558,[]
HIVE-25548,[]
HIVE-25547,['4.0.0-alpha-1']
HIVE-25538,[]
HIVE-25533,[]
HIVE-25530,['4.0.0-alpha-1']
HIVE-25524,[]
HIVE-25523,[]
HIVE-25514,[]
HIVE-25499,[]
HIVE-25494,[]
HIVE-25493,[]
HIVE-25492,['4.0.0-alpha-2']
HIVE-25488,[]
HIVE-25487,[]
HIVE-25481,[]
HIVE-25478,[]
HIVE-25472,[]
HIVE-25469,[]
HIVE-25458,['4.0.0-alpha-1']
HIVE-25456,[]
HIVE-25452,[]
HIVE-25443,['4.0.0-alpha-1']
HIVE-25418,[]
HIVE-25416,['4.0.0-alpha-2']
HIVE-25408,[]
HIVE-25402,[]
HIVE-25401,[]
HIVE-25386,"['storage-2.8.1', 'storage-2.9.0']"
HIVE-25384,['4.0.0-alpha-1']
HIVE-25382,[]
HIVE-25363,[]
HIVE-25357,[]
HIVE-25343,[]
HIVE-25327,[]
HIVE-25322,[]
HIVE-25316,[]
HIVE-25315,[]
HIVE-25299,['4.0.0-alpha-1']
HIVE-25298,['4.0.0-alpha-2']
HIVE-25280,[]
HIVE-25273,[]
HIVE-25269,[]
HIVE-25268,['4.0.0-alpha-1']
HIVE-25262,[]
HIVE-25244,[]
HIVE-25242,['4.0.0-alpha-1']
HIVE-25239,[]
HIVE-25221,[]
HIVE-25219,['4.0.0-alpha-1']
HIVE-25211,[]
HIVE-25206,[]
HIVE-25202,[]
HIVE-25199,[]
HIVE-25197,[]
HIVE-25193,[]
HIVE-25188,[]
HIVE-25186,[]
HIVE-25175,[]
HIVE-25172,[]
HIVE-25170,['4.0.0-alpha-1']
HIVE-25169,[]
HIVE-25167,[]
HIVE-25163,['4.0.0-alpha-1']
HIVE-25156,[]
HIVE-25153,[]
HIVE-25150,['4.0.0-alpha-1']
HIVE-25147,[]
HIVE-25135,[]
HIVE-25129,[]
HIVE-25120,[]
HIVE-25117,['4.0.0-alpha-1']
HIVE-25104,['4.0.0-alpha-1']
HIVE-25096,[]
HIVE-25094,[]
HIVE-25093,['4.0.0-alpha-1']
HIVE-25060,[]
HIVE-25041,['Not Applicable']
HIVE-25026,[]
HIVE-25024,[]
HIVE-25009,['4.0.0-alpha-1']
HIVE-24989,[]
HIVE-24988,[]
HIVE-24971,[]
HIVE-24964,['3.1.3']
HIVE-24957,['4.0.0-alpha-1']
HIVE-24952,[]
HIVE-24951,['4.0.0-alpha-1']
HIVE-24950,[]
HIVE-24949,['4.0.0-alpha-1']
HIVE-24947,[]
HIVE-24944,[]
HIVE-24928,['4.0.0-alpha-1']
HIVE-24916,[]
HIVE-24915,[]
HIVE-24907,['4.0.0']
HIVE-24902,['4.0.0-alpha-1']
HIVE-24898,['4.0.0-alpha-1']
HIVE-24882,['4.0.0-alpha-1']
HIVE-24876,['4.0.0-alpha-1']
HIVE-24866,[]
HIVE-24851,"['3.1.3', '3.2.0', '4.0.0-alpha-1']"
HIVE-24849,['4.0.0-alpha-1']
HIVE-24848,['3.2.0']
HIVE-24834,[]
HIVE-24809,['4.0.0-alpha-1']
HIVE-24807,['3.1.0']
HIVE-24803,['4.0.0-alpha-1']
HIVE-24800,[]
HIVE-24786,['4.0.0-alpha-1']
HIVE-24751,['4.0.0-alpha-1']
HIVE-24734,[]
HIVE-24724,[]
HIVE-24720,[]
HIVE-24711,[]
HIVE-24708,[]
HIVE-24691,[]
HIVE-24690,[]
HIVE-24689,[]
HIVE-24653,['3.1.3']
HIVE-24651,[]
HIVE-24650,[]
HIVE-24647,[]
HIVE-24641,[]
HIVE-24636,"['3.1.3', '3.2.0']"
HIVE-24622,[]
HIVE-24621,[]
HIVE-24614,[]
HIVE-24609,[]
HIVE-24608,['2.3.9']
HIVE-24606,['4.0.0']
HIVE-24605,[]
HIVE-24604,[]
HIVE-24595,['4.0.0-alpha-2']
HIVE-24579,['4.0.0-alpha-1']
HIVE-24577,[]
HIVE-24573,[]
HIVE-24570,['4.0.0-alpha-1']
HIVE-24569,['4.0.0-alpha-1']
HIVE-24557,[]
HIVE-24553,['2.3.8']
HIVE-24551,['2.3.8']
HIVE-24550,['4.0.0-alpha-1']
HIVE-24549,[]
HIVE-24530,['4.0.0-alpha-1']
HIVE-24528,[]
HIVE-24523,['4.0.0-alpha-1']
HIVE-24521,[]
HIVE-24518,[]
HIVE-24517,['3.1.2']
HIVE-24514,[]
HIVE-24512,['2.3.8']
HIVE-24507,[]
HIVE-24501,['4.0.0-alpha-1']
HIVE-24469,[]
HIVE-24467,['4.0.0-alpha-1']
HIVE-24446,['4.0.0-alpha-1']
HIVE-24442,[]
HIVE-24441,[]
HIVE-24440,[]
HIVE-24406,[]
HIVE-24404,['4.0.0-beta-1']
HIVE-24393,[]
HIVE-24375,[]
HIVE-24361,[]
HIVE-24356,[]
HIVE-24352,[]
HIVE-24345,['4.0.0-alpha-1']
HIVE-24342,['4.0.0-alpha-1']
HIVE-24323,[]
HIVE-24322,['4.0.0-alpha-1']
HIVE-24319,['3.1.2']
HIVE-24318,[]
HIVE-24317,[]
HIVE-24316,['3.1.3']
HIVE-24293,['4.0.0-alpha-1']
HIVE-24288,['4.0.0-alpha-1']
HIVE-24285,[]
HIVE-24283,[]
HIVE-24277,[]
HIVE-24273,[]
HIVE-24256,['4.0.0-alpha-1']
HIVE-24250,[]
HIVE-24245,['4.0.0-alpha-1']
HIVE-24243,[]
HIVE-24239,[]
HIVE-24238,[]
HIVE-24218,[]
HIVE-24213,['4.0.0-alpha-1']
HIVE-24208,[]
HIVE-24206,[]
HIVE-24204,[]
HIVE-24200,[]
HIVE-24198,[]
HIVE-24194,[]
HIVE-24193,['4.0.0-alpha-1']
HIVE-24186,[]
HIVE-24185,[]
HIVE-24181,[]
HIVE-24177,[]
HIVE-24166,[]
HIVE-24165,[]
HIVE-24153,[]
HIVE-24147,['4.0.0-alpha-1']
HIVE-24136,[]
HIVE-24128,[]
HIVE-24126,[]
HIVE-24122,['4.0.0-alpha-2']
HIVE-24113,['4.0.0-alpha-1']
HIVE-24101,[]
HIVE-24100,[]
HIVE-24099,[]
HIVE-24097,['4.0.0-alpha-1']
HIVE-24094,['4.0.0-alpha-1']
HIVE-24083,[]
HIVE-24080,[]
HIVE-24078,[]
HIVE-24071,[]
HIVE-24070,['4.0.0-alpha-2']
HIVE-24068,['4.0.0-alpha-1']
HIVE-24066,[]
HIVE-24060,[]
HIVE-24057,[]
HIVE-24055,[]
HIVE-24050,[]
HIVE-24047,[]
HIVE-24030,['4.0.0-alpha-1']
HIVE-24020,['4.0.0-alpha-1']
HIVE-24017,[]
HIVE-23980,['2.3.8']
HIVE-23974,[]
HIVE-23968,['4.0.0-alpha-2']
HIVE-23962,['4.0.0-alpha-1']
HIVE-23954,[]
HIVE-23925,['4.0.0-alpha-1']
HIVE-23918,[]
HIVE-23909,[]
HIVE-23902,[]
HIVE-23896,[]
HIVE-23887,['4.0.0-alpha-1']
HIVE-23886,[]
HIVE-23873,['4.0.0-alpha-1']
HIVE-23872,[]
HIVE-23867,[]
HIVE-23851,['4.0.0-alpha-1']
HIVE-23845,[]
HIVE-23844,[]
HIVE-23842,[]
HIVE-23838,[]
HIVE-23833,[]
HIVE-23809,[]
HIVE-23808,[]
HIVE-23807,['2.3.7']
HIVE-23802,[]
HIVE-23792,[]
HIVE-23782,[]
HIVE-23772,[]
HIVE-23771,[]
HIVE-23769,[]
HIVE-23763,['4.0.0-alpha-1']
HIVE-23753,[]
HIVE-23752,[]
HIVE-23748,[]
HIVE-23740,[]
HIVE-23724,[]
HIVE-23721,[]
HIVE-23719,[]
HIVE-23717,['4.0.0-alpha-1']
HIVE-23707,[]
HIVE-23704,['4.0.0-alpha-1']
HIVE-23701,[]
HIVE-23700,[]
HIVE-23670,[]
HIVE-23667,[]
HIVE-23632,[]
HIVE-23616,[]
HIVE-23610,[]
HIVE-23606,['4.0.0-alpha-1']
HIVE-23592,['4.0.0-alpha-1']
HIVE-23586,[]
HIVE-23583,['4.0.0-alpha-2']
HIVE-23582,['4.0.0-alpha-1']
HIVE-23580,['4.0.0-alpha-1']
HIVE-23577,[]
HIVE-23576,[]
HIVE-23550,[]
HIVE-23545,[]
HIVE-23543,[]
HIVE-23542,[]
HIVE-23541,[]
HIVE-23515,[]
HIVE-23511,[]
HIVE-23505,[]
HIVE-23502,[]
HIVE-23498,['4.0.0-alpha-1']
HIVE-23489,[]
HIVE-23471,[]
HIVE-23466,[]
HIVE-23457,[]
HIVE-23454,['4.0.0-alpha-1']
HIVE-23452,['4.0.0']
HIVE-23442,['4.0.0-alpha-1']
HIVE-23439,[]
HIVE-23438,[]
HIVE-23437,[]
HIVE-23435,['4.0.0-alpha-1']
HIVE-23423,['4.0.0-alpha-1']
HIVE-23412,[]
HIVE-23408,['4.0.0-alpha-1']
HIVE-23390,[]
HIVE-23360,[]
HIVE-23358,['4.0.0-alpha-1']
HIVE-23347,['4.0.0-alpha-1']
HIVE-23345,['4.0.0-alpha-1']
HIVE-23339,['4.0.0-alpha-1']
HIVE-23304,[]
HIVE-23303,[]
HIVE-23279,[]
HIVE-23271,[]
HIVE-23265,['4.0.0-alpha-1']
HIVE-23254,[]
HIVE-23230,['4.0.0-alpha-1']
HIVE-23199,[]
HIVE-23178,['4.0.0-alpha-1']
HIVE-23165,[]
HIVE-23129,[]
HIVE-23128,['4.0.0-alpha-1']
HIVE-23115,[]
HIVE-23105,[]
HIVE-23088,"['3.1.3', '3.2.0', '4.0.0-alpha-1']"
HIVE-23086,['2.3.7']
HIVE-23081,[]
HIVE-23074,[]
HIVE-23058,['4.0.0-alpha-1']
HIVE-23050,[]
HIVE-23043,[]
HIVE-23033,"['3.2.0', '4.0.0-alpha-1']"
HIVE-23014,[]
HIVE-23010,[]
HIVE-22992,[]
HIVE-22991,[]
HIVE-22988,['4.0.0-alpha-1']
HIVE-22982,['4.0.0-alpha-1']
HIVE-22969,[]
HIVE-22967,['4.0.0-alpha-1']
HIVE-22963,[]
HIVE-22961,['4.0.0']
HIVE-22955,[]
HIVE-22951,['4.0.0-alpha-1']
HIVE-22950,[]
HIVE-22948,['4.0.0-alpha-1']
HIVE-22945,[]
HIVE-22943,[]
HIVE-22936,[]
HIVE-22915,[]
HIVE-22905,['4.0.0-alpha-1']
HIVE-22903,['4.0.0-alpha-1']
HIVE-22901,['4.0.0-alpha-1']
HIVE-22898,['4.0.0-alpha-1']
HIVE-22894,[]
HIVE-22880,['4.0.0-alpha-1']
HIVE-22877,['4.0.0-alpha-1']
HIVE-22859,[]
HIVE-22853,['4.0.0-alpha-1']
HIVE-22849,[]
HIVE-22846,[]
HIVE-22839,[]
HIVE-22838,[]
HIVE-22836,[]
HIVE-22833,[]
HIVE-22826,['4.0.0-alpha-1']
HIVE-22824,['4.0.0-alpha-1']
HIVE-22817,[]
HIVE-22807,[]
HIVE-22779,[]
HIVE-22769,['4.0.0-alpha-1']
HIVE-22759,[]
HIVE-22758,['4.0.0-alpha-2']
HIVE-22757,[]
HIVE-22739,['4.0.0-alpha-1']
HIVE-22734,[]
HIVE-22718,[]
HIVE-22715,[]
HIVE-22712,['4.0.0-alpha-1']
HIVE-22710,[]
HIVE-22708,"['2.3.8', '4.0.0-alpha-1']"
HIVE-22694,[]
HIVE-22693,[]
HIVE-22690,[]
HIVE-22688,[]
HIVE-22687,['4.0.0-alpha-1']
HIVE-22672,[]
HIVE-22670,['4.0.0-alpha-2']
HIVE-22668,[]
HIVE-22664,[]
HIVE-22663,['4.0.0-alpha-1']
HIVE-22662,[]
HIVE-22660,[]
HIVE-22658,[]
HIVE-22656,[]
HIVE-22639,[]
HIVE-22636,['Not Applicable']
HIVE-22633,[]
HIVE-22601,[]
HIVE-22578,['4.0.0-alpha-1']
HIVE-22576,[]
HIVE-22575,[]
HIVE-22567,[]
HIVE-22566,['4.0.0-alpha-1']
HIVE-22563,[]
HIVE-22561,[]
HIVE-22560,[]
HIVE-22555,['4.0.0-alpha-1']
HIVE-22550,[]
HIVE-22546,['4.0.0-alpha-1']
HIVE-22544,['4.0.0-alpha-1']
HIVE-22541,[]
HIVE-22537,['4.0.0-alpha-1']
HIVE-22528,[]
HIVE-22527,['4.0.0-alpha-1']
HIVE-22522,['3.1.0']
HIVE-22520,[]
HIVE-22514,['4.0.0-alpha-1']
HIVE-22509,[]
HIVE-22500,[]
HIVE-22480,"['1.2.3', '1.3.0', '2.1.2', '2.2.1']"
HIVE-22478,[]
HIVE-22472,[]
HIVE-22471,[]
HIVE-22466,[]
HIVE-22461,['4.0.0-alpha-1']
HIVE-22453,['4.0.0-alpha-1']
HIVE-22452,[]
HIVE-22449,[]
HIVE-22442,[]
HIVE-22420,['4.0.0-alpha-1']
HIVE-22412,['4.0.0-alpha-1']
HIVE-22410,['3.1.3']
HIVE-22408,['4.0.0-alpha-1']
HIVE-22407,"['3.1.3', '3.2.0', '4.0.0-alpha-1']"
HIVE-22400,['4.0.0-alpha-1']
HIVE-22397,[]
HIVE-22393,['4.0.0-alpha-1']
HIVE-22375,['4.0.0-alpha-1']
HIVE-22373,['4.0.0-alpha-1']
HIVE-22371,[]
HIVE-22368,['4.0.0-alpha-2']
HIVE-22363,[]
HIVE-22360,['4.0.0-alpha-1']
HIVE-22352,[]
HIVE-22351,['4.0.0-alpha-1']
HIVE-22349,[]
HIVE-22344,[]
HIVE-22336,['4.0.0-alpha-1']
HIVE-22335,[]
HIVE-22334,[]
HIVE-22325,['4.0.0-alpha-2']
HIVE-22318,[]
HIVE-22317,['4.0.0-alpha-2']
HIVE-22313,[]
HIVE-22301,['4.0.0-alpha-1']
HIVE-22294,[]
HIVE-22290,[]
HIVE-22287,[]
HIVE-22285,[]
HIVE-22268,[]
HIVE-22255,[]
HIVE-22251,[]
HIVE-22247,[]
HIVE-22233,[]
HIVE-22227,['4.0.0-alpha-1']
HIVE-22226,[]
HIVE-22224,[]
HIVE-22223,[]
HIVE-22215,[]
HIVE-22208,['4.0.0-alpha-1']
HIVE-22207,['4.0.0-alpha-1']
HIVE-22206,[]
HIVE-22201,['4.0.0-alpha-1']
HIVE-22198,[]
HIVE-22197,['4.0.0-alpha-1']
HIVE-22196,[]
HIVE-22190,['2.3.7']
HIVE-22181,[]
HIVE-22180,[]
HIVE-22178,['4.0.0-alpha-1']
HIVE-22177,[]
HIVE-22173,['4.0.0-beta-1']
HIVE-22170,['4.0.0-alpha-1']
HIVE-22167,[]
HIVE-22165,['4.0.0-alpha-1']
HIVE-22164,['4.0.0-alpha-1']
HIVE-22162,['4.0.0-alpha-1']
HIVE-22161,['4.0.0-alpha-1']
HIVE-22160,[]
HIVE-22154,[]
HIVE-22153,[]
HIVE-22150,[]
HIVE-22139,[]
HIVE-22134,['4.0.0-alpha-1']
HIVE-22133,[]
HIVE-22130,[]
HIVE-22129,['4.0.0-alpha-1']
HIVE-22124,[]
HIVE-22121,['4.0.0-alpha-1']
HIVE-22120,['4.0.0-alpha-1']
HIVE-22117,[]
HIVE-22114,['4.0.0-alpha-1']
HIVE-22113,[]
HIVE-22110,['4.0.0-alpha-1']
HIVE-22109,['4.0.0-alpha-1']
HIVE-22108,[]
HIVE-22107,['4.0.0-alpha-1']
HIVE-22101,[]
HIVE-22098,[]
HIVE-22093,[]
HIVE-22091,[]
HIVE-22088,[]
HIVE-22086,[]
HIVE-22085,[]
HIVE-22082,[]
HIVE-22080,['4.0.0-alpha-1']
HIVE-22077,[]
HIVE-22076,['4.0.0-alpha-1']
HIVE-22075,['4.0.0-alpha-1']
HIVE-22073,[]
HIVE-22070,[]
HIVE-22069,[]
HIVE-22067,[]
HIVE-22056,['4.0.0-alpha-2']
HIVE-22054,['4.0.0-alpha-1']
HIVE-22051,[]
HIVE-22045,['4.0.0-alpha-1']
HIVE-22044,[]
HIVE-22039,[]
HIVE-22033,"['3.2.0', '4.0.0-alpha-1']"
HIVE-22031,[]
HIVE-22009,[]
HIVE-22008,['4.0.0-alpha-1']
HIVE-22007,['4.0.0-alpha-1']
HIVE-22002,[]
HIVE-22000,[]
HIVE-21999,['4.0.0-alpha-1']
HIVE-21997,[]
HIVE-21993,[]
HIVE-21992,['4.0.0-alpha-1']
HIVE-21990,[]
HIVE-21986,['4.0.0-alpha-1']
HIVE-21976,['4.0.0-alpha-1']
HIVE-21971,['4.0.0-alpha-1']
HIVE-21970,"['3.2.0', '4.0.0-alpha-1']"
HIVE-21969,[]
HIVE-21966,['4.0.0-alpha-1']
HIVE-21957,['4.0.0-alpha-1']
HIVE-21951,[]
HIVE-21950,[]
HIVE-21946,[]
HIVE-21945,[]
HIVE-21941,['4.0.0-alpha-1']
HIVE-21940,['4.0.0-alpha-1']
HIVE-21938,['4.0.0-alpha-1']
HIVE-21937,[]
HIVE-21936,[]
HIVE-21935,['4.0.0-alpha-1']
HIVE-21931,[]
HIVE-21930,[]
HIVE-21927,['4.0.0-alpha-1']
HIVE-21925,"['3.2.0', '4.0.0-alpha-1']"
HIVE-21917,['4.0.0-alpha-1']
HIVE-21913,"['3.2.0', '4.0.0-alpha-1']"
HIVE-21904,[]
HIVE-21903,[]
HIVE-21902,['4.0.0-alpha-1']
HIVE-21901,[]
HIVE-21900,[]
HIVE-21899,[]
HIVE-21898,[]
HIVE-21897,['4.0.0-alpha-2']
HIVE-21896,['4.0.0-alpha-1']
HIVE-21893,[]
HIVE-21892,['4.0.0-alpha-1']
HIVE-21883,[]
HIVE-21880,[]
HIVE-21879,['4.0.0-alpha-1']
HIVE-21873,['2.3.3']
HIVE-21864,['4.0.0-alpha-1']
HIVE-21862,['4.0.0-alpha-1']
HIVE-21861,[]
HIVE-21856,[]
HIVE-21854,[]
HIVE-21850,['3.2.0']
HIVE-21845,[]
HIVE-21837,['4.0.0-alpha-1']
HIVE-21831,['4.0.0-alpha-1']
HIVE-21829,['4.0.0-alpha-1']
HIVE-21826,['3.2.0']
HIVE-21825,"['3.2.0', '4.0.0-alpha-1']"
HIVE-21824,[]
HIVE-21821,['3.1.2']
HIVE-21819,[]
HIVE-21811,['4.0.0-alpha-1']
HIVE-21809,['2.3.6']
HIVE-21808,['3.1.2']
HIVE-21806,[]
HIVE-21803,[]
HIVE-21798,[]
HIVE-21791,['4.0.0-alpha-1']
HIVE-21786,"['2.4.0', '4.0.0-alpha-1']"
HIVE-21782,[]
HIVE-21779,[]
HIVE-21778,['4.0.0-alpha-1']
HIVE-21776,['4.0.0-alpha-1']
HIVE-21768,['4.0.0-alpha-1']
HIVE-21766,[]
HIVE-21759,[]
HIVE-21758,"['3.1.2', '4.0.0-alpha-1']"
HIVE-21757,[]
HIVE-21756,"['3.1.2', '3.2.0']"
HIVE-21755,"['3.1.2', '3.2.0']"
HIVE-21754,[]
HIVE-21753,['4.0.0-alpha-1']
HIVE-21750,[]
HIVE-21749,[]
HIVE-21748,[]
HIVE-21743,[]
HIVE-21742,['4.0.0-alpha-1']
HIVE-21741,['3.2.0']
HIVE-21733,[]
HIVE-21730,['4.0.0-alpha-1']
HIVE-21729,['4.0.0-alpha-1']
HIVE-21726,[]
HIVE-21724,[]
HIVE-21723,[]
HIVE-21722,['4.0.0-alpha-1']
HIVE-21717,['4.0.0-alpha-1']
HIVE-21711,['4.0.0-alpha-1']
HIVE-21709,[]
HIVE-21706,['4.0.0-alpha-1']
HIVE-21702,[]
HIVE-21700,['4.0.0-alpha-1']
HIVE-21699,[]
HIVE-21698,['4.0.0-alpha-1']
HIVE-21694,['4.0.0-alpha-1']
HIVE-21692,[]
HIVE-21688,[]
HIVE-21686,['4.0.0-alpha-1']
HIVE-21677,['4.0.0-alpha-1']
HIVE-21675,['4.0.0-alpha-1']
HIVE-21669,['4.0.0-alpha-1']
HIVE-21667,[]
HIVE-21665,[]
HIVE-21660,['4.0.0-alpha-1']
HIVE-21654,['4.0.0-alpha-1']
HIVE-21643,[]
HIVE-21642,[]
HIVE-21641,['4.0.0-alpha-1']
HIVE-21638,[]
HIVE-21632,[]
HIVE-21631,['4.0.0-alpha-1']
HIVE-21624,['4.0.0-alpha-1']
HIVE-21623,[]
HIVE-21620,[]
HIVE-21618,[]
HIVE-21614,['4.1.0']
HIVE-21606,[]
HIVE-21605,[]
HIVE-21601,[]
HIVE-21597,['4.0.0-alpha-1']
HIVE-21594,[]
HIVE-21591,"['3.2.0', '4.0.0-alpha-1']"
HIVE-21586,"['3.2.0', '4.0.0-alpha-1']"
HIVE-21582,['4.0.0-alpha-1']
HIVE-21574,[]
HIVE-21573,['4.0.0-alpha-1']
HIVE-21572,[]
HIVE-21564,"['3.1.2', '3.2.0', '4.0.0-alpha-1']"
HIVE-21546,[]
HIVE-21540,"['3.1.2', '3.2.0', '4.0.0-alpha-1']"
HIVE-21539,['4.0.0-alpha-1']
HIVE-21538,['4.0.0-alpha-1']
HIVE-21536,['2.3.5']
HIVE-21533,[]
HIVE-21531,['4.0.0-alpha-1']
HIVE-21530,[]
HIVE-21517,['4.0.0-alpha-1']
HIVE-21516,['4.0.0-alpha-1']
HIVE-21513,['4.0.0-alpha-2']
HIVE-21508,"['2.3.7', '2.4.0', '3.1.3', '3.2.0', '4.0.0-alpha-1']"
HIVE-21507,['4.0.0-alpha-1']
HIVE-21503,[]
HIVE-21501,[]
HIVE-21499,['4.0.0-alpha-1']
HIVE-21497,['4.0.0-alpha-1']
HIVE-21496,['4.0.0-alpha-1']
HIVE-21494,[]
HIVE-21493,['4.0.0-alpha-1']
HIVE-21489,"['3.1.3', '4.0.0-alpha-1']"
HIVE-21487,[]
HIVE-21486,[]
HIVE-21485,[]
HIVE-21482,['4.0.0-alpha-1']
HIVE-21471,['4.0.0-alpha-1']
HIVE-21470,[]
HIVE-21463,[]
HIVE-21461,[]
HIVE-21460,"['3.1.1', '4.0.0-alpha-1']"
HIVE-21458,[]
HIVE-21454,[]
HIVE-21453,[]
HIVE-21450,['4.0.0-alpha-2']
HIVE-21447,[]
HIVE-21446,['4.0.0-alpha-1']
HIVE-21442,[]
HIVE-21437,[]
HIVE-21436,[]
HIVE-21431,[]
HIVE-21428,[]
HIVE-21421,['4.0.0-alpha-1']
HIVE-21419,['3.0.0']
HIVE-21415,['4.0.0-alpha-1']
HIVE-21411,[]
HIVE-21407,['4.0.0-alpha-1']
HIVE-21405,[]
HIVE-21404,['4.0.0-alpha-1']
HIVE-21403,['4.0.0-alpha-1']
HIVE-21402,['4.0.0-alpha-1']
HIVE-21400,['4.0.0-alpha-1']
HIVE-21397,['4.0.0-alpha-1']
HIVE-21391,[]
HIVE-21390,['4.0.0-alpha-1']
HIVE-21387,['4.0.0-alpha-1']
HIVE-21380,[]
HIVE-21376,"['3.1.2', '3.2.0', '4.0.0-alpha-1']"
HIVE-21375,['3.2.0']
HIVE-21374,[]
HIVE-21370,[]
HIVE-21369,[]
HIVE-21367,[]
HIVE-21345,[]
HIVE-21344,['4.0.0-alpha-1']
HIVE-21343,['4.0.0-alpha-1']
HIVE-21342,"['3.1.2', '3.2.0', '4.0.0-alpha-1']"
HIVE-21340,['4.0.0-alpha-1']
HIVE-21339,['4.0.0-alpha-1']
HIVE-21328,[]
HIVE-21327,['4.0.0-alpha-1']
HIVE-21325,['4.0.0-alpha-1']
HIVE-21322,[]
HIVE-21320,['4.0.0-alpha-1']
HIVE-21307,['4.0.0-alpha-1']
HIVE-21306,['4.0.0-alpha-1']
HIVE-21302,[]
HIVE-21301,"['3.2.0', '4.0.0-alpha-1']"
HIVE-21293,"['3.2.0', '4.0.0-alpha-1']"
HIVE-21286,['4.0.0-alpha-1']
HIVE-21284,['4.0.0-alpha-1']
HIVE-21281,['4.0.0-alpha-1']
HIVE-21280,['4.0.0-alpha-1']
HIVE-21272,[]
HIVE-21271,[]
HIVE-21269,['4.0.0-alpha-1']
HIVE-21263,[]
HIVE-21261,['4.0.0-alpha-1']
HIVE-21260,['4.0.0-alpha-1']
HIVE-21257,[]
HIVE-21256,[]
HIVE-21254,['4.0.0-alpha-1']
HIVE-21244,[]
HIVE-21238,['4.0.0-alpha-1']
HIVE-21235,"['3.2.0', '4.0.0-alpha-1']"
HIVE-21233,['4.0.0-alpha-1']
HIVE-21232,['4.0.0-alpha-1']
HIVE-21227,['4.0.0-alpha-1']
HIVE-21223,"['3.2.0', '4.0.0-alpha-1']"
HIVE-21222,['4.0.0-alpha-1']
HIVE-21220,[]
HIVE-21218,[]
HIVE-21212,['4.0.0-alpha-1']
HIVE-21206,['4.0.0-alpha-1']
HIVE-21202,[]
HIVE-21200,['2.3.9']
HIVE-21194,[]
HIVE-21190,[]
HIVE-21186,['4.0.0-alpha-1']
HIVE-21185,['3.0.0']
HIVE-21177,['4.0.0-alpha-1']
HIVE-21170,[]
HIVE-21167,['4.0.0-alpha-1']
HIVE-21165,[]
HIVE-21164,['4.0.0-alpha-1']
HIVE-21157,[]
HIVE-21146,[]
HIVE-21144,[]
HIVE-21137,[]
HIVE-21136,[]
HIVE-21135,[]
HIVE-21132,['4.0.0-alpha-1']
HIVE-21130,[]
HIVE-21125,[]
HIVE-21123,[]
HIVE-21121,[]
HIVE-21114,['4.0.0-alpha-1']
HIVE-21111,['4.0.0-alpha-1']
HIVE-21106,['4.0.0-alpha-2']
HIVE-21105,[]
HIVE-21104,['4.0.0-alpha-1']
HIVE-21103,['4.0.0-alpha-1']
HIVE-21090,[]
HIVE-21087,[]
HIVE-21086,['4.0.0-alpha-2']
HIVE-21081,[]
HIVE-21076,[]
HIVE-21075,['4.0.0-alpha-1']
HIVE-21074,['4.0.0-alpha-1']
HIVE-21070,[]
HIVE-21069,[]
HIVE-21067,[]
HIVE-21066,[]
HIVE-21062,[]
HIVE-21061,['4.0.0-alpha-1']
HIVE-21054,[]
HIVE-21052,[]
HIVE-21039,"['3.1.2', '3.2.0', '4.0.0-alpha-1']"
HIVE-21038,['4.0.0-alpha-1']
HIVE-21036,['4.0.0-alpha-1']
HIVE-21035,['4.0.0-alpha-1']
HIVE-21033,['4.0.0-alpha-1']
HIVE-21031,[]
HIVE-21029,['4.0.0-alpha-1']
HIVE-21028,"['3.2.0', '4.0.0-alpha-1']"
HIVE-21025,[]
HIVE-21022,['4.0.0-alpha-1']
HIVE-21019,[]
HIVE-21012,[]
HIVE-21009,['4.0.0-alpha-1']
HIVE-21008,[]
HIVE-21002,[]
HIVE-20999,[]
HIVE-20990,[]
HIVE-20989,['4.0.0-alpha-1']
HIVE-20988,['4.0.0-alpha-1']
HIVE-20979,"['3.1.1', '4.0.0-alpha-1']"
HIVE-20970,[]
HIVE-20969,['4.0.0-alpha-1']
HIVE-20962,[]
HIVE-20955,[]
HIVE-20953,['4.0.0-alpha-1']
HIVE-20951,['4.0.0-alpha-1']
HIVE-20948,[]
HIVE-20941,['4.0.0-alpha-1']
HIVE-20939,[]
HIVE-20935,['4.0.0-alpha-1']
HIVE-20929,[]
HIVE-20928,[]
HIVE-20927,[]
HIVE-20926,['4.0.0-alpha-1']
HIVE-20916,"['3.2.0', '4.0.0-alpha-1']"
HIVE-20915,['4.0.0-alpha-1']
HIVE-20911,['4.0.0-alpha-1']
HIVE-20910,['4.0.0-alpha-1']
HIVE-20909,[]
HIVE-20908,[]
HIVE-20907,[]
HIVE-20906,[]
HIVE-20905,['4.0.0-alpha-1']
HIVE-20901,['4.0.0-alpha-2']
HIVE-20899,"['3.2.0', '4.0.0-alpha-1']"
HIVE-20878,[]
HIVE-20876,[]
HIVE-20872,[]
HIVE-20871,[]
HIVE-20870,['4.0.0-alpha-2']
HIVE-20864,[]
HIVE-20858,['4.0.0-alpha-1']
HIVE-20856,[]
HIVE-20852,[]
HIVE-20848,['4.0.0-alpha-1']
HIVE-20843,['3.0.0']
HIVE-20842,['4.0.0-alpha-1']
HIVE-20841,"['3.2.0', '4.0.0-alpha-1']"
HIVE-20838,[]
HIVE-20837,[]
HIVE-20833,['4.0.0-alpha-1']
HIVE-20825,[]
HIVE-20824,[]
HIVE-20817,['4.0.0-alpha-1']
HIVE-20816,[]
HIVE-20808,[]
HIVE-20806,['4.0.0-alpha-1']
HIVE-20805,['4.0.0-alpha-1']
HIVE-20803,[]
HIVE-20801,['4.0.0-alpha-1']
HIVE-20792,['4.0.0-alpha-1']
HIVE-20785,"['3.2.0', '4.0.0-alpha-1']"
HIVE-20773,[]
HIVE-20771,['4.0.0-alpha-1']
HIVE-20762,['4.0.0-alpha-1']
HIVE-20761,['4.0.0-alpha-1']
HIVE-20758,[]
HIVE-20757,[]
HIVE-20756,['1.3.0']
HIVE-20754,[]
HIVE-20751,['4.0.0-alpha-1']
HIVE-20749,[]
HIVE-20745,[]
HIVE-20742,['4.0.0-alpha-1']
HIVE-20736,[]
HIVE-20734,['4.0.0-alpha-1']
HIVE-20719,['4.0.0-alpha-1']
HIVE-20714,['4.0.0-alpha-1']
HIVE-20693,[]
HIVE-20682,['4.0.0-alpha-1']
HIVE-20680,['4.0.0-alpha-1']
HIVE-20679,['4.0.0-alpha-1']
HIVE-20678,['4.0.0-alpha-1']
HIVE-20676,['4.0.0-alpha-1']
HIVE-20673,[]
HIVE-20670,[]
HIVE-20667,[]
HIVE-20665,[]
HIVE-20659,['4.0.0-alpha-1']
HIVE-20656,['4.0.0-alpha-1']
HIVE-20650,[]
HIVE-20649,"['3.2.0', '4.0.0-alpha-1']"
HIVE-20648,"['3.2.0', '4.0.0-alpha-1']"
HIVE-20643,[]
HIVE-20636,['4.0.0-alpha-1']
HIVE-20632,['4.0.0-alpha-1']
HIVE-20631,['4.0.0-alpha-1']
HIVE-20630,[]
HIVE-20629,['4.0.0-alpha-1']
HIVE-20628,[]
HIVE-20627,['4.0.0-alpha-1']
HIVE-20621,"['3.2.0', '4.0.0-alpha-1']"
HIVE-20612,"['3.2.0', '4.0.0-alpha-1']"
HIVE-20611,[]
HIVE-20610,['4.0.0-alpha-1']
HIVE-20607,"['3.2.0', '4.0.0-alpha-1']"
HIVE-20606,[]
HIVE-20602,[]
HIVE-20601,['4.0.0-alpha-1']
HIVE-20600,[]
HIVE-20599,"['3.1.0', '4.0.0-alpha-1']"
HIVE-20597,[]
HIVE-20595,['4.0.0-alpha-1']
HIVE-20594,[]
HIVE-20593,"['3.1.2', '3.2.0', '4.0.0-alpha-1']"
HIVE-20591,[]
HIVE-20589,[]
HIVE-20588,[]
HIVE-20586,[]
HIVE-20583,"['3.2.0', '4.0.0-alpha-1']"
HIVE-20582,"['3.2.0', '4.0.0-alpha-1']"
HIVE-20578,[]
HIVE-20577,[]
HIVE-20574,[]
HIVE-20569,[]
HIVE-20563,['4.0.0-alpha-1']
HIVE-20561,['4.0.0-alpha-1']
HIVE-20555,"['3.1.2', '3.2.0', '4.0.0-alpha-1']"
HIVE-20554,[]
HIVE-20548,[]
HIVE-20544,['4.0.0-alpha-1']
HIVE-20542,['4.0.0-alpha-1']
HIVE-20541,"['3.2.0', '4.0.0-alpha-1']"
HIVE-20528,[]
HIVE-20525,[]
HIVE-20518,[]
HIVE-20516,[]
HIVE-20511,['4.0.0-alpha-1']
HIVE-20507,[]
HIVE-20505,['4.0.0-alpha-1']
HIVE-20499,['4.0.0-alpha-1']
HIVE-20492,[]
HIVE-20478,[]
HIVE-20476,"['3.2.0', '4.0.0-alpha-1']"
HIVE-20472,['4.0.0-alpha-1']
HIVE-20470,['4.0.0-alpha-2']
HIVE-20467,['4.0.0-alpha-1']
HIVE-20464,[]
HIVE-20463,[]
HIVE-20462,['4.0.0-alpha-1']
HIVE-20456,[]
HIVE-20451,['4.0.0-alpha-1']
HIVE-20442,[]
HIVE-20441,['4.0.0-alpha-1']
HIVE-20435,['4.0.0-alpha-2']
HIVE-20433,['4.0.0-alpha-1']
HIVE-20428,[]
HIVE-20410,['4.0.0-alpha-1']
HIVE-20406,['4.0.0-alpha-1']
HIVE-20394,['4.0.0-alpha-1']
HIVE-20385,['4.0.0-alpha-1']
HIVE-20381,[]
HIVE-20375,[]
HIVE-20373,[]
HIVE-20372,['4.0.0-alpha-1']
HIVE-20361,['4.0.0-alpha-1']
HIVE-20356,[]
HIVE-20347,"['3.2.0', '4.0.0-alpha-1']"
HIVE-20345,['4.0.0-alpha-1']
HIVE-20343,['4.0.0-alpha-1']
HIVE-20342,[]
HIVE-20337,[]
HIVE-20334,[]
HIVE-20331,['4.0.0-alpha-1']
HIVE-20319,[]
HIVE-20318,['Not Applicable']
HIVE-20316,"['3.2.0', '4.0.0-alpha-1']"
HIVE-20305,[]
HIVE-20304,['4.0.0-alpha-2']
HIVE-20303,['4.0.0-alpha-1']
HIVE-20290,['4.0.0-alpha-1']
HIVE-20289,[]
HIVE-20288,[]
HIVE-20282,[]
HIVE-20281,"['3.2.0', '4.0.0-alpha-1']"
HIVE-20277,['4.0.0-alpha-1']
HIVE-20276,[]
HIVE-20275,[]
HIVE-20274,"['3.2.0', '4.0.0-alpha-1']"
HIVE-20272,[]
HIVE-20258,"['3.2.0', '4.0.0-alpha-1']"
HIVE-20256,['4.0.0-alpha-1']
HIVE-20228,['4.0.0-alpha-1']
HIVE-20227,['3.2.0']
HIVE-20226,['4.0.0-alpha-1']
HIVE-20220,[]
HIVE-20210,['4.0.0-alpha-1']
HIVE-20209,"['3.2.0', '4.0.0-alpha-1']"
HIVE-20205,[]
HIVE-20200,[]
HIVE-20193,['4.0.0-alpha-1']
HIVE-20192,"['3.2.0', '4.0.0-alpha-1']"
HIVE-20187,[]
HIVE-20186,[]
HIVE-20185,['3.2.0']
HIVE-20184,['3.2.0']
HIVE-20182,['3.2.0']
HIVE-20181,['3.2.0']
HIVE-20180,['3.2.0']
HIVE-20179,"['3.2.0', '4.0.0-alpha-1']"
HIVE-20176,[]
HIVE-20175,[]
HIVE-20172,['4.0.0-alpha-1']
HIVE-20168,"['3.2.0', '4.0.0-alpha-1']"
HIVE-20167,[]
HIVE-20165,"['3.2.0', '4.0.0-alpha-1']"
HIVE-20153,['4.0.0-alpha-1']
HIVE-20152,['4.0.0-alpha-1']
HIVE-20147,"['3.2.0', '4.0.0-alpha-1']"
HIVE-20133,[]
HIVE-20132,[]
HIVE-20129,"['3.2.0', '4.0.0-alpha-1']"
HIVE-20126,"['2.3.4', '2.4.0', '3.1.2', '3.2.0', '4.0.0-alpha-1']"
HIVE-20116,"['3.2.0', '4.0.0-alpha-1']"
HIVE-20112,['4.0.0-alpha-1']
HIVE-20111,['4.0.0-alpha-1']
HIVE-20105,"['3.2.0', '4.0.0-alpha-1']"
HIVE-20103,['4.0.0-alpha-1']
HIVE-20101,['3.2.0']
HIVE-20098,['4.0.0-alpha-1']
HIVE-20096,[]
HIVE-20089,[]
HIVE-20088,['4.0.0-alpha-1']
HIVE-20086,[]
HIVE-20085,['4.0.0-alpha-1']
HIVE-20080,['2.4.0']
HIVE-20077,['4.0.0-alpha-1']
HIVE-20076,['3.1.0']
HIVE-20075,[]
HIVE-20074,['4.0.0-alpha-1']
HIVE-20068,[]
HIVE-20067,['4.0.0-alpha-1']
HIVE-20066,"['3.2.0', '4.0.0-alpha-1']"
HIVE-20059,"['3.2.0', '4.0.0-alpha-1']"
HIVE-20043,['4.0.0-alpha-1']
HIVE-20042,[]
HIVE-20040,['3.2.0']
HIVE-20039,"['3.2.0', '4.0.0-alpha-1']"
HIVE-20038,"['3.2.0', '4.0.0-alpha-1']"
HIVE-20036,[]
HIVE-20028,"['3.2.0', '4.0.0-alpha-1']"
HIVE-20025,"['3.2.0', '4.0.0-alpha-1']"
HIVE-20021,['3.2.0']
HIVE-20016,['2.3.10']
HIVE-20004,"['3.2.0', '4.0.0-alpha-1']"
HIVE-20001,['4.0.0-alpha-2']
HIVE-19984,['3.2.0']
HIVE-19983,['3.2.0']
HIVE-19980,"['3.1.0', '4.0.0-alpha-1']"
HIVE-19965,['3.1.0']
HIVE-19964,"['3.1.0', '4.0.0-alpha-1']"
HIVE-19962,[]
HIVE-19961,[]
HIVE-19959,[]
HIVE-19958,[]
HIVE-19956,"['3.1.0', '4.0.0-alpha-1']"
HIVE-19950,[]
HIVE-19949,[]
HIVE-19948,['4.0.0-alpha-1']
HIVE-19946,"['3.1.0', '4.0.0-alpha-1']"
HIVE-19943,[]
HIVE-19935,['4.0.0-alpha-1']
HIVE-19917,['3.1.0']
HIVE-19912,"['3.1.0', '3.0.1', '4.0.0-alpha-1']"
HIVE-19911,[]
HIVE-19908,['3.1.0']
HIVE-19907,[]
HIVE-19903,"['3.1.0', '4.0.0-alpha-1']"
HIVE-19896,[]
HIVE-19890,['3.1.0']
HIVE-19888,['4.0.0-alpha-1']
HIVE-19887,['4.0.0-alpha-2']
HIVE-19886,['4.0.0-alpha-1']
HIVE-19884,['3.1.0']
HIVE-19877,"['3.1.0', '4.0.0-alpha-1']"
HIVE-19876,"['3.1.0', '4.0.0-alpha-1']"
HIVE-19875,"['3.1.0', '4.0.0-alpha-1']"
HIVE-19874,[]
HIVE-19873,"['3.1.0', '4.0.0-alpha-1']"
HIVE-19871,['3.0.1']
HIVE-19865,[]
HIVE-19864,"['3.1.0', '4.0.0-alpha-1']"
HIVE-19861,"['3.1.0', '4.0.0-alpha-1']"
HIVE-19860,"['3.2.0', '4.0.0-alpha-1']"
HIVE-19857,['3.1.0']
HIVE-19850,['4.0.0-alpha-1']
HIVE-19839,['0.10.1']
HIVE-19836,[]
HIVE-19830,[]
HIVE-19827,['3.1.0']
HIVE-19817,"['3.1.0', '3.0.1', '4.0.0-alpha-1']"
HIVE-19814,['4.0.0-alpha-1']
HIVE-19811,[]
HIVE-19806,"['3.2.0', '4.0.0-alpha-1']"
HIVE-19801,"['3.1.0', '4.0.0-alpha-1']"
HIVE-19794,['3.1.0']
HIVE-19792,"['3.2.0', '4.0.0-alpha-1']"
HIVE-19773,['3.1.0']
HIVE-19772,"['3.1.0', '3.0.1', '4.0.0-alpha-1']"
HIVE-19771,['3.1.0']
HIVE-19750,['3.1.0']
HIVE-19749,['4.0.0-alpha-1']
HIVE-19748,[]
HIVE-19747,[]
HIVE-19743,[]
HIVE-19742,[]
HIVE-19740,[]
HIVE-19734,['3.1.0']
HIVE-19728,['3.1.0']
HIVE-19726,"['3.1.0', '2.4.0', '4.0.0-alpha-1']"
HIVE-19724,[]
HIVE-19718,['4.0.0-alpha-1']
HIVE-19714,[]
HIVE-19711,['4.0.0-alpha-1']
HIVE-19710,['3.0.0']
HIVE-19701,['4.0.0-alpha-1']
HIVE-19698,"['3.1.0', '4.0.0-alpha-1']"
HIVE-19697,"['3.1.0', '4.0.0-alpha-1']"
HIVE-19695,['3.1.0']
HIVE-19694,['4.0.0-alpha-1']
HIVE-19691,"['3.1.0', '4.0.0-alpha-1']"
HIVE-19687,['3.1.0']
HIVE-19686,['3.0.1']
HIVE-19680,"['3.1.0', '4.0.0-alpha-1']"
HIVE-19677,"['3.1.0', '4.0.0-alpha-1']"
HIVE-19675,"['3.1.0', '4.0.0-alpha-1']"
HIVE-19672,[]
HIVE-19670,[]
HIVE-19664,[]
HIVE-19661,['4.0.0-alpha-1']
HIVE-19658,[]
HIVE-19652,['4.0.0-alpha-2']
HIVE-19645,[]
HIVE-19640,[]
HIVE-19638,[]
HIVE-19632,"['3.1.0', '4.0.0-alpha-1']"
HIVE-19630,[]
HIVE-19629,"['3.1.0', '4.0.0-alpha-1']"
HIVE-19621,[]
HIVE-19618,[]
HIVE-19614,"['3.1.0', '3.0.1', '4.0.0-alpha-1']"
HIVE-19613,"['3.1.0', '3.0.1', '4.0.0-alpha-1']"
HIVE-19599,[]
HIVE-19588,"['3.1.0', '3.0.1', '4.0.0-alpha-1']"
HIVE-19587,[]
HIVE-19585,['2.3.2']
HIVE-19582,[]
HIVE-19580,['2.3.2']
HIVE-19577,"['3.1.0', '4.0.0-alpha-1']"
HIVE-19576,['3.0.1']
HIVE-19575,"['3.1.0', '4.0.0-alpha-1']"
HIVE-19570,[]
HIVE-19569,"['3.1.0', '4.0.0-alpha-1']"
HIVE-19568,"['3.2.0', '4.0.0-alpha-1']"
HIVE-19567,"['3.1.0', '4.0.0-alpha-1']"
HIVE-19558,['3.0.1']
HIVE-19531,['3.0.1']
HIVE-19528,[]
HIVE-19526,[]
HIVE-19523,[]
HIVE-19504,"['3.1.0', '4.0.0-alpha-1']"
HIVE-19502,[]
HIVE-19497,[]
HIVE-19485,"['3.1.0', '4.0.0-alpha-1']"
HIVE-19483,['3.0.0']
HIVE-19481,"['3.1.0', '4.0.0-alpha-1']"
HIVE-19476,['3.0.0']
HIVE-19475,[]
HIVE-19468,['4.0.0-alpha-1']
HIVE-19459,[]
HIVE-19458,[]
HIVE-19455,[]
HIVE-19450,[]
HIVE-19438,[]
HIVE-19437,[]
HIVE-19436,[]
HIVE-19435,"['3.1.0', '3.0.0']"
HIVE-19430,['4.0.0-alpha-1']
HIVE-19424,"['3.2.0', '4.0.0-alpha-1']"
HIVE-19419,[]
HIVE-19411,[]
HIVE-19406,[]
HIVE-19401,[]
HIVE-19399,[]
HIVE-19397,[]
HIVE-19393,[]
HIVE-19389,['3.1.0']
HIVE-19388,"['2.4.0', '4.0.0-alpha-1']"
HIVE-19385,['3.1.0']
HIVE-19382,"['3.1.0', '4.0.0-alpha-1']"
HIVE-19365,"['3.1.0', '3.0.0']"
HIVE-19364,[]
HIVE-19358,['3.1.0']
HIVE-19354,[]
HIVE-19343,[]
HIVE-19341,[]
HIVE-19339,['3.0.0']
HIVE-19337,[]
HIVE-19330,['3.0.0']
HIVE-19327,"['3.1.0', '3.0.0']"
HIVE-19315,['3.0.0']
HIVE-19310,['3.0.0']
HIVE-19299,[]
HIVE-19295,[]
HIVE-19294,[]
HIVE-19292,[]
HIVE-19289,[]
HIVE-19286,[]
HIVE-19280,['3.0.0']
HIVE-19277,"['3.1.0', '3.0.0']"
HIVE-19266,[]
HIVE-19253,[]
HIVE-19250,['4.0.0-alpha-1']
HIVE-19249,['3.0.0']
HIVE-19248,"['3.1.0', '3.0.0']"
HIVE-19247,"['3.1.0', '3.0.0']"
HIVE-19241,[]
HIVE-19240,['3.0.0']
HIVE-19233,['3.0.0']
HIVE-19231,"['3.1.0', '3.0.0']"
HIVE-19230,"['3.1.0', '3.0.0']"
HIVE-19226,['3.0.0']
HIVE-19225,[]
HIVE-19221,[]
HIVE-19219,"['3.1.0', '3.0.0']"
HIVE-19215,['3.0.0']
HIVE-19203,['4.0.0-alpha-1']
HIVE-19202,['4.0.0-alpha-1']
HIVE-19201,[]
HIVE-19200,"['3.1.0', '3.0.0']"
HIVE-19199,['3.2.0']
HIVE-19191,['3.0.0']
HIVE-19189,[]
HIVE-19188,[]
HIVE-19186,"['3.1.0', '3.0.0']"
HIVE-19181,['4.0.0-alpha-1']
HIVE-19177,[]
HIVE-19168,"['3.1.0', '3.0.0']"
HIVE-19152,[]
HIVE-19151,['3.0.0']
HIVE-19137,['3.0.0']
HIVE-19136,[]
HIVE-19130,['3.0.0']
HIVE-19125,[]
HIVE-19120,"['3.1.0', '3.0.0']"
HIVE-19118,"['3.1.0', '4.0.0-alpha-1']"
HIVE-19117,[]
HIVE-19116,['3.0.0']
HIVE-19114,[]
HIVE-19110,"['3.1.0', '4.0.0-alpha-1']"
HIVE-19109,"['3.1.0', '4.0.0-alpha-1']"
HIVE-19108,"['3.1.0', '3.0.0']"
HIVE-19105,['3.0.0']
HIVE-19102,['3.0.0']
HIVE-19101,[]
HIVE-19099,['3.0.0']
HIVE-19098,[]
HIVE-19088,[]
HIVE-19085,['3.0.0']
HIVE-19081,['4.0.0-alpha-1']
HIVE-19080,['3.0.0']
HIVE-19052,['3.0.0']
HIVE-19050,"['2.4.0', '3.0.0']"
HIVE-19045,[]
HIVE-19043,['3.0.0']
HIVE-19037,['3.0.0']
HIVE-19035,['3.0.0']
HIVE-19032,['3.0.0']
HIVE-19030,['3.0.0']
HIVE-19028,[]
HIVE-19024,['3.0.0']
HIVE-19022,[]
HIVE-19020,[]
HIVE-19019,['3.0.0']
HIVE-19018,['3.0.0']
HIVE-19016,"['3.1.0', '4.0.0-alpha-1']"
HIVE-19015,[]
HIVE-19012,['3.0.0']
HIVE-19007,['3.0.0']
HIVE-19004,[]
HIVE-18999,[]
HIVE-18991,['3.0.0']
HIVE-18987,[]
HIVE-18977,['4.0.0-alpha-1']
HIVE-18967,['3.0.0']
HIVE-18965,['3.0.0']
HIVE-18956,[]
HIVE-18954,[]
HIVE-18951,['3.0.0']
HIVE-18950,['3.0.0']
HIVE-18943,[]
HIVE-18942,[]
HIVE-18941,[]
HIVE-18940,[]
HIVE-18929,['4.0.0-alpha-1']
HIVE-18923,[]
HIVE-18904,[]
HIVE-18888,['3.0.0']
HIVE-18886,['3.0.0']
HIVE-18885,"['2.3.3', '2.4.0']"
HIVE-18874,"['3.1.2', '3.2.0', '4.0.0-alpha-1']"
HIVE-18873,['4.0.0-alpha-1']
HIVE-18872,[]
HIVE-18871,"['3.2.0', '4.0.0-alpha-1']"
HIVE-18870,[]
HIVE-18859,['3.0.0']
HIVE-18858,['3.0.0']
HIVE-18852,['4.0.0-alpha-1']
HIVE-18834,[]
HIVE-18829,[]
HIVE-18819,[]
HIVE-18818,['3.0.0']
HIVE-18816,"['3.1.0', '3.0.0']"
HIVE-18811,[]
HIVE-18807,[]
HIVE-18806,[]
HIVE-18802,[]
HIVE-18801,[]
HIVE-18800,[]
HIVE-18795,[]
HIVE-18790,[]
HIVE-18786,['4.0.0-alpha-1']
HIVE-18782,[]
HIVE-18779,[]
HIVE-18776,['3.0.0']
HIVE-18769,[]
HIVE-18768,['3.0.0']
HIVE-18767,"['2.3.4', '2.4.0', '3.1.1', '3.2.0', '4.0.0-alpha-1']"
HIVE-18764,['3.0.0']
HIVE-18762,['3.0.0']
HIVE-18758,[]
HIVE-18756,[]
HIVE-18752,[]
HIVE-18742,['3.0.0']
HIVE-18735,['4.0.0-alpha-1']
HIVE-18722,[]
HIVE-18713,['3.0.0']
HIVE-18708,['3.0.0']
HIVE-18707,[]
HIVE-18702,['4.0.0-alpha-1']
HIVE-18688,['3.0.0']
HIVE-18687,[]
HIVE-18680,['3.0.0']
HIVE-18675,['3.0.0']
HIVE-18665,['3.0.0']
HIVE-18656,[]
HIVE-18655,[]
HIVE-18653,['3.0.0']
HIVE-18646,['3.0.0']
HIVE-18645,['3.0.0']
HIVE-18641,['3.0.0']
HIVE-18638,['3.0.0']
HIVE-18637,['3.0.0']
HIVE-18636,[]
HIVE-18631,['3.0.0']
HIVE-18628,['3.0.0']
HIVE-18624,"['2.4.0', '3.1.2', '3.2.0', '4.0.0-alpha-1']"
HIVE-18623,[]
HIVE-18619,[]
HIVE-18618,[]
HIVE-18617,['3.0.0']
HIVE-18614,['3.0.0']
HIVE-18613,['3.0.0']
HIVE-18611,['3.0.0']
HIVE-18610,['3.0.0']
HIVE-18601,['3.0.0']
HIVE-18599,['3.0.0']
HIVE-18593,[]
HIVE-18590,['3.0.0']
HIVE-18589,['3.0.0']
HIVE-18582,[]
HIVE-18579,['3.0.0']
HIVE-18574,['3.0.0']
HIVE-18572,[]
HIVE-18562,['3.0.0']
HIVE-18558,['3.0.0']
HIVE-18551,['3.0.0']
HIVE-18547,['3.0.0']
HIVE-18546,['3.0.0']
HIVE-18537,[]
HIVE-18535,[]
HIVE-18531,['3.0.0']
HIVE-18529,['3.0.0']
HIVE-18528,[]
HIVE-18524,['3.0.0']
HIVE-18521,['3.0.0']
HIVE-18517,['3.0.0']
HIVE-18501,['3.0.0']
HIVE-18493,[]
HIVE-18473,['3.0.0']
HIVE-18472,"['2.4.0', '3.0.0']"
HIVE-18471,[]
HIVE-18470,[]
HIVE-18467,['3.0.0']
HIVE-18466,[]
HIVE-18465,['3.0.0']
HIVE-18459,['3.0.0']
HIVE-18450,['3.0.0']
HIVE-18441,[]
HIVE-18432,[]
HIVE-18426,['3.0.0']
HIVE-18422,"['2.4.0', '3.0.0']"
HIVE-18421,['3.0.0']
HIVE-18419,['3.0.0']
HIVE-18416,['3.0.0']
HIVE-18412,[]
HIVE-18395,[]
HIVE-18390,['3.0.0']
HIVE-18384,['3.0.0']
HIVE-18380,['3.0.0']
HIVE-18379,['3.0.0']
HIVE-18375,[]
HIVE-18365,['3.0.0']
HIVE-18359,['3.0.0']
HIVE-18358,[]
HIVE-18355,['3.0.0']
HIVE-18352,['3.0.0']
HIVE-18349,[]
HIVE-18348,[]
HIVE-18341,['3.0.0']
HIVE-18337,[]
HIVE-18334,[]
HIVE-18324,[]
HIVE-18321,['3.0.0']
HIVE-18316,['3.0.0']
HIVE-18312,[]
HIVE-18308,[]
HIVE-18303,[]
HIVE-18293,['3.0.0']
HIVE-18290,['3.0.0']
HIVE-18287,[]
HIVE-18284,['4.0.0-alpha-1']
HIVE-18278,[]
HIVE-18277,[]
HIVE-18270,[]
HIVE-18269,['3.0.0']
HIVE-18268,[]
HIVE-18267,[]
HIVE-18266,['3.0.0']
HIVE-18265,[]
HIVE-18262,[]
HIVE-18261,[]
HIVE-18250,['3.0.0']
HIVE-18249,[]
HIVE-18247,[]
HIVE-18236,[]
HIVE-18234,[]
HIVE-18219,[]
HIVE-18217,[]
HIVE-18216,[]
HIVE-18215,[]
HIVE-18213,['3.0.0']
HIVE-18204,[]
HIVE-18201,['4.0.0-alpha-1']
HIVE-18195,['3.0.0']
HIVE-18194,['3.0.0']
HIVE-18188,['3.0.0']
HIVE-18177,[]
HIVE-18174,[]
HIVE-18172,[]
HIVE-18164,[]
HIVE-18160,['3.0.0']
HIVE-18155,[]
HIVE-18154,[]
HIVE-18144,[]
HIVE-18143,[]
HIVE-18124,['3.0.0']
HIVE-18121,[]
HIVE-18120,[]
HIVE-18115,['2.4.0']
HIVE-18110,[]
HIVE-18109,['3.0.0']
HIVE-18107,[]
HIVE-18102,[]
HIVE-18090,['3.0.0']
HIVE-18069,['3.0.0']
HIVE-18067,['3.0.0']
HIVE-18050,['3.0.0']
HIVE-18046,['3.0.0']
HIVE-18042,[]
HIVE-18027,[]
HIVE-18026,['3.0.0']
HIVE-18024,[]
HIVE-18021,[]
HIVE-18019,[]
HIVE-18018,[]
HIVE-18017,['3.0.0']
HIVE-18016,['3.0.0']
HIVE-18013,[]
HIVE-18007,['3.0.0']
HIVE-18006,['3.0.0']
HIVE-18000,[]
HIVE-17985,"['1.2.3', '2.3.1']"
HIVE-17975,[]
HIVE-17966,['3.0.0']
HIVE-17953,['3.0.0']
HIVE-17952,['3.0.0']
HIVE-17948,['2.3.2']
HIVE-17946,[]
HIVE-17942,"['2.4.0', '3.0.0']"
HIVE-17928,['2.3.2']
HIVE-17924,[]
HIVE-17923,[]
HIVE-17916,[]
HIVE-17914,[]
HIVE-17895,[]
HIVE-17893,[]
HIVE-17892,[]
HIVE-17890,[]
HIVE-17889,[]
HIVE-17882,['3.0.0']
HIVE-17881,[]
HIVE-17876,[]
HIVE-17872,['3.0.0']
HIVE-17863,[]
HIVE-17854,[]
HIVE-17853,"['2.2.1', '2.4.0', '3.0.0']"
HIVE-17849,[]
HIVE-17834,['3.0.0']
HIVE-17833,['3.0.0']
HIVE-17832,"['2.4.0', '3.0.0']"
HIVE-17831,"['2.1.2', '2.2.1', '2.3.2', '2.4.0', '3.0.0']"
HIVE-17829,['3.0.0']
HIVE-17828,['3.0.0']
HIVE-17825,['3.0.0']
HIVE-17823,[]
HIVE-17822,['3.0.0']
HIVE-17815,['3.0.0']
HIVE-17814,[]
HIVE-17808,[]
HIVE-17806,['3.0.0']
HIVE-17803,"['2.2.1', '2.4.0', '3.0.0']"
HIVE-17802,[]
HIVE-17798,['3.0.0']
HIVE-17794,[]
HIVE-17791,"['2.2.1', '2.4.0']"
HIVE-17790,[]
HIVE-17788,[]
HIVE-17786,[]
HIVE-17784,[]
HIVE-17783,[]
HIVE-17781,"['2.2.1', '2.4.0', '3.0.0']"
HIVE-17770,[]
HIVE-17764,"['2.4.0', '3.0.0']"
HIVE-17763,[]
HIVE-17762,['3.0.0']
HIVE-17761,['3.0.0']
HIVE-17754,[]
HIVE-17749,['3.0.0']
HIVE-17746,['3.0.0']
HIVE-17738,[]
HIVE-17737,[]
HIVE-17735,['3.0.0']
HIVE-17726,['3.0.0']
HIVE-17723,['3.0.0']
HIVE-17721,['3.0.0']
HIVE-17720,['3.0.0']
HIVE-17715,['3.0.0']
HIVE-17712,[]
HIVE-17706,['3.0.0']
HIVE-17705,"['2.2.1', '2.3.1', '2.4.0']"
HIVE-17688,[]
HIVE-17682,['3.0.0']
HIVE-17679,['3.0.0']
HIVE-17668,[]
HIVE-17665,"['2.2.1', '2.3.1', '2.4.0', '3.0.0']"
HIVE-17664,"['2.1.2', '2.2.1', '2.3.1', '2.4.0', '3.0.0']"
HIVE-17659,"['2.4.0', '3.0.0']"
HIVE-17656,[]
HIVE-17654,[]
HIVE-17635,['3.0.0']
HIVE-17633,['3.0.0']
HIVE-17630,[]
HIVE-17624,['3.0.0']
HIVE-17623,['3.0.0']
HIVE-17622,[]
HIVE-17621,"['2.2.1', '2.4.0', '3.0.0']"
HIVE-17620,['3.0.0']
HIVE-17619,['3.0.0']
HIVE-17615,['3.0.0']
HIVE-17603,[]
HIVE-17602,['3.0.0']
HIVE-17595,['3.0.0']
HIVE-17594,['3.0.0']
HIVE-17593,[]
HIVE-17582,['3.0.0']
HIVE-17579,[]
HIVE-17577,[]
HIVE-17576,"['2.2.1', '2.4.0', '3.0.0']"
HIVE-17574,[]
HIVE-17573,[]
HIVE-17562,"['2.2.1', '2.3.1', '2.4.0']"
HIVE-17556,['3.0.0']
HIVE-17554,['3.0.0']
HIVE-17549,[]
HIVE-17539,['4.0.0-alpha-2']
HIVE-17532,[]
HIVE-17531,[]
HIVE-17530,['3.0.0']
HIVE-17512,['3.0.0']
HIVE-17510,['3.0.0']
HIVE-17502,[]
HIVE-17501,[]
HIVE-17500,[]
HIVE-17499,[]
HIVE-17485,['3.0.0']
HIVE-17479,['3.0.0']
HIVE-17472,"['2.2.1', '2.3.2', '2.4.0', '3.0.0']"
HIVE-17469,[]
HIVE-17464,['3.0.0']
HIVE-17463,['3.0.0']
HIVE-17460,['3.0.0']
HIVE-17457,['3.0.0']
HIVE-17453,['3.0.0']
HIVE-17448,[]
HIVE-17429,"['2.1.0', '2.1.1', '2.2.1', '2.3.4', '2.4.0', '3.0.0']"
HIVE-17420,['3.0.0']
HIVE-17419,['3.0.0']
HIVE-17418,[]
HIVE-17417,"['2.4.0', '3.0.0']"
HIVE-17410,['3.0.0']
HIVE-17406,[]
HIVE-17404,[]
HIVE-17403,"['2.4.0', '3.0.0']"
HIVE-17395,[]
HIVE-17394,['3.0.0']
HIVE-17392,['3.0.0']
HIVE-17391,['3.0.0']
HIVE-17389,['3.0.0']
HIVE-17379,[]
HIVE-17378,['3.0.0']
HIVE-17377,['3.0.0']
HIVE-17368,"['2.4.0', '3.0.0']"
HIVE-17367,['3.0.0']
HIVE-17365,['3.0.0']
HIVE-17363,[]
HIVE-17357,['3.0.0']
HIVE-17355,[]
HIVE-17353,[]
HIVE-17352,['3.0.0']
HIVE-17348,['3.0.0']
HIVE-17336,['3.0.0']
HIVE-17335,[]
HIVE-17333,"['2.3.0', '3.0.0']"
HIVE-17326,[]
HIVE-17322,['3.0.0']
HIVE-17312,[]
HIVE-17309,['3.0.0']
HIVE-17305,['3.0.0']
HIVE-17304,[]
HIVE-17298,['3.0.0']
HIVE-17293,[]
HIVE-17286,['3.0.0']
HIVE-17285,['3.0.0']
HIVE-17279,[]
HIVE-17278,[]
HIVE-17276,['3.0.0']
HIVE-17275,"['2.2.1', '2.4.0', '3.0.0']"
HIVE-17274,"['2.4.0', '3.0.0']"
HIVE-17273,[]
HIVE-17272,"['2.4.0', '3.0.0']"
HIVE-17270,['3.0.0']
HIVE-17265,['3.0.0']
HIVE-17264,[]
HIVE-17240,['3.0.0']
HIVE-17233,"['2.4.0', '3.0.0']"
HIVE-17221,[]
HIVE-17220,['3.0.0']
HIVE-17218,"['2.4.0', '3.0.0']"
HIVE-17211,[]
HIVE-17210,[]
HIVE-17207,[]
HIVE-17201,[]
HIVE-17189,"['2.3.2', '2.4.0', '3.0.0']"
HIVE-17188,"['2.2.0', '2.4.0', '3.0.0']"
HIVE-17181,"['2.4.0', '3.0.0']"
HIVE-17169,"['2.3.2', '2.4.0', '3.0.0']"
HIVE-17163,[]
HIVE-17158,[]
HIVE-17155,['3.0.0']
HIVE-17150,"['2.3.2', '2.4.0', '3.0.0']"
HIVE-17149,['3.0.0']
HIVE-17148,['3.0.0']
HIVE-17147,['3.0.0']
HIVE-17146,[]
HIVE-17144,['3.0.0']
HIVE-17138,[]
HIVE-17134,[]
HIVE-17126,[]
HIVE-17124,[]
HIVE-17109,['3.0.0']
HIVE-17103,[]
HIVE-17098,['3.0.0']
HIVE-17088,['3.0.0']
HIVE-17086,['3.0.0']
HIVE-17085,"['2.4.0', '3.0.0']"
HIVE-17081,[]
HIVE-17080,[]
HIVE-17079,['3.0.0']
HIVE-17073,['3.0.0']
HIVE-17069,['3.0.0']
HIVE-17068,[]
HIVE-17067,['3.0.0']
HIVE-17064,[]
HIVE-17063,[]
HIVE-17060,[]
HIVE-17052,['3.0.0']
HIVE-17033,[]
HIVE-17017,[]
HIVE-17015,[]
HIVE-17012,[]
HIVE-17002,['3.0.0']
HIVE-16983,[]
HIVE-16960,['3.0.0']
HIVE-16958,['3.0.0']
HIVE-16951,[]
HIVE-16943,['3.0.0']
HIVE-16942,['3.0.0']
HIVE-16941,[]
HIVE-16939,"['2.3.3', '2.4.0', '3.0.0']"
HIVE-16937,['3.0.0']
HIVE-16928,[]
HIVE-16927,"['2.4.0', '3.0.0']"
HIVE-16920,['3.0.0']
HIVE-16918,['3.0.0']
HIVE-16910,['3.0.0']
HIVE-16907,['4.0.0-alpha-1']
HIVE-16902,['3.0.0']
HIVE-16898,['3.0.0']
HIVE-16888,['3.0.0']
HIVE-16886,['3.0.0']
HIVE-16877,['3.0.0']
HIVE-16872,[]
HIVE-16859,[]
HIVE-16852,[]
HIVE-16846,['3.0.0']
HIVE-16845,['3.0.0']
HIVE-16843,[]
HIVE-16842,[]
HIVE-16841,[]
HIVE-16839,"['3.2.0', '4.0.0-alpha-1']"
HIVE-16832,['3.0.0']
HIVE-16828,['3.0.0']
HIVE-16826,['3.0.0']
HIVE-16821,['3.0.0']
HIVE-16814,[]
HIVE-16801,['3.0.0']
HIVE-16793,['3.0.0']
HIVE-16786,[]
HIVE-16776,['3.0.0']
HIVE-16769,['3.0.0']
HIVE-16768,[]
HIVE-16760,[]
HIVE-16756,"['2.4.0', '3.0.0']"
HIVE-16753,[]
HIVE-16743,['3.0.0']
HIVE-16741,[]
HIVE-16738,['3.0.0']
HIVE-16737,"['2.4.0', '3.0.0']"
HIVE-16713,[]
HIVE-16709,[]
HIVE-16708,"['2.4.0', '3.0.0']"
HIVE-16707,[]
HIVE-16698,['3.0.0']
HIVE-16693,['3.0.0']
HIVE-16687,[]
HIVE-16683,['2.2.0']
HIVE-16680,[]
HIVE-16678,['3.0.0']
HIVE-16677,['3.0.0']
HIVE-16669,[]
HIVE-16666,[]
HIVE-16658,['3.0.0']
HIVE-16654,['3.0.0']
HIVE-16649,[]
HIVE-16645,['3.0.0']
HIVE-16640,"['2.3.0', '3.0.0']"
HIVE-16625,['3.0.0']
HIVE-16620,[]
HIVE-16608,[]
HIVE-16603,['3.0.0']
HIVE-16584,['3.0.0']
HIVE-16577,"['2.3.0', '3.0.0']"
HIVE-16565,[]
HIVE-16558,[]
HIVE-16554,['3.0.0']
HIVE-16546,['3.0.0']
HIVE-16544,[]
HIVE-16541,[]
HIVE-16539,"['2.4.0', '3.0.0']"
HIVE-16538,['3.0.0']
HIVE-16533,['3.0.0']
HIVE-16528,[]
HIVE-16524,['3.0.0']
HIVE-16521,[]
HIVE-16507,['3.0.0']
HIVE-16491,['3.0.0']
HIVE-16487,"['2.3.2', '2.4.0', '3.0.0']"
HIVE-16480,"['2.1.2', '2.2.1']"
HIVE-16476,[]
HIVE-16465,"['2.3.0', '2.4.0', '3.0.0']"
HIVE-16451,['3.0.0']
HIVE-16450,['3.0.0']
HIVE-16436,['3.0.0']
HIVE-16424,[]
HIVE-16421,['3.0.0']
HIVE-16414,[]
HIVE-16413,"['1.3.0', '2.4.0', '3.0.0']"
HIVE-16412,[]
HIVE-16409,['3.0.0']
HIVE-16404,['3.0.0']
HIVE-16398,[]
HIVE-16393,['3.0.0']
HIVE-16388,['3.0.0']
HIVE-16385,"['2.3.0', '3.0.0']"
HIVE-16384,['3.0.0']
HIVE-16380,"['2.3.0', '2.4.0', '3.0.0']"
HIVE-16370,[]
HIVE-16357,['3.0.0']
HIVE-16347,['3.0.0']
HIVE-16342,[]
HIVE-16335,"['2.4.0', '3.0.0']"
HIVE-16333,['3.0.0']
HIVE-16332,[]
HIVE-16329,['3.0.0']
HIVE-16316,['3.0.0']
HIVE-16310,['2.3.0']
HIVE-16304,[]
HIVE-16301,['2.3.0']
HIVE-16299,['3.0.0']
HIVE-16287,"['1.3.0', '2.3.0', '2.4.0', '3.0.0']"
HIVE-16282,['3.0.0']
HIVE-16274,['2.3.0']
HIVE-16265,[]
HIVE-16254,['3.0.0']
HIVE-16243,[]
HIVE-16241,[]
HIVE-16239,"['2.0.2', '2.1.2']"
HIVE-16220,[]
HIVE-16219,"['2.3.0', '3.0.0']"
HIVE-16208,['2.3.0']
HIVE-16193,"['2.2.0', '2.3.0', '3.0.0']"
HIVE-16190,['2.3.0']
HIVE-16187,['2.3.0']
HIVE-16185,[]
HIVE-16180,['2.3.0']
HIVE-16174,['3.0.0']
HIVE-16165,[]
HIVE-16163,['2.3.0']
HIVE-16155,['2.3.0']
HIVE-16153,[]
HIVE-16150,['2.3.0']
HIVE-16141,[]
HIVE-16136,[]
HIVE-16118,[]
HIVE-16117,"['2.2.0', '3.0.0']"
HIVE-16113,['3.0.0']
HIVE-16109,['2.3.0']
HIVE-16108,[]
HIVE-16107,['2.3.0']
HIVE-16106,['2.3.0']
HIVE-16103,['2.3.0']
HIVE-16102,['2.3.0']
HIVE-16101,['2.3.0']
HIVE-16100,['4.0.0-alpha-1']
HIVE-16099,[]
HIVE-16094,['2.2.0']
HIVE-16093,[]
HIVE-16088,[]
HIVE-16087,['2.3.0']
HIVE-16083,[]
HIVE-16074,['2.3.0']
HIVE-16072,['2.3.0']
HIVE-16070,['2.3.0']
HIVE-16061,['3.0.0']
HIVE-16057,['3.0.0']
HIVE-16054,['2.3.0']
HIVE-16050,['2.2.0']
HIVE-16043,['2.3.0']
HIVE-16042,[]
HIVE-16041,[]
HIVE-16034,['2.2.0']
HIVE-16033,['2.2.0']
HIVE-16030,[]
HIVE-16029,[]
HIVE-16028,['2.2.0']
HIVE-16024,['2.3.0']
HIVE-16023,['2.2.0']
HIVE-16013,['2.2.0']
HIVE-16007,"['2.3.0', '3.0.0']"
HIVE-16000,[]
HIVE-15999,['2.2.0']
HIVE-15995,['3.0.0']
HIVE-15994,['2.2.0']
HIVE-15992,['2.3.0']
HIVE-15990,['2.2.0']
HIVE-15971,['2.2.0']
HIVE-15965,[]
HIVE-15963,[]
HIVE-15960,[]
HIVE-15958,['2.2.0']
HIVE-15956,['4.0.0-alpha-1']
HIVE-15951,['2.2.0']
HIVE-15945,[]
HIVE-15944,[]
HIVE-15934,['2.3.0']
HIVE-15931,[]
HIVE-15926,[]
HIVE-15925,[]
HIVE-15924,[]
HIVE-15922,[]
HIVE-15914,['2.2.0']
HIVE-15912,[]
HIVE-15911,[]
HIVE-15906,['2.2.0']
HIVE-15903,['2.3.0']
HIVE-15902,['2.2.0']
HIVE-15900,['2.2.0']
HIVE-15891,['2.2.0']
HIVE-15890,[]
HIVE-15887,[]
HIVE-15886,['2.2.0']
HIVE-15877,['2.2.0']
HIVE-15874,['2.2.0']
HIVE-15867,['2.3.0']
HIVE-15863,[]
HIVE-15862,['2.2.0']
HIVE-15859,['2.3.0']
HIVE-15855,['2.3.0']
HIVE-15852,[]
HIVE-15850,['2.2.0']
HIVE-15849,['2.3.0']
HIVE-15847,['2.3.0']
HIVE-15838,[]
HIVE-15828,[]
HIVE-15827,['2.2.0']
HIVE-15822,[]
HIVE-15821,[]
HIVE-15820,['4.0.0-alpha-1']
HIVE-15811,[]
HIVE-15809,['2.3.0']
HIVE-15807,[]
HIVE-15806,['2.2.0']
HIVE-15804,['2.2.0']
HIVE-15782,['2.3.0']
HIVE-15778,['2.3.0']
HIVE-15771,[]
HIVE-15769,['2.2.0']
HIVE-15767,['3.0.0']
HIVE-15766,['2.3.0']
HIVE-15764,[]
HIVE-15760,['2.2.0']
HIVE-15756,[]
HIVE-15754,['2.3.0']
HIVE-15752,['2.2.0']
HIVE-15750,['2.2.0']
HIVE-15746,['2.3.0']
HIVE-15739,['3.0.0']
HIVE-15729,[]
HIVE-15720,[]
HIVE-15686,['2.4.0']
HIVE-15685,['2.2.0']
HIVE-15680,"['2.4.0', '3.0.0']"
HIVE-15679,['2.3.0']
HIVE-15669,['2.2.0']
HIVE-15667,[]
HIVE-15659,[]
HIVE-15658,[]
HIVE-15656,[]
HIVE-15655,['2.2.0']
HIVE-15654,[]
HIVE-15651,['2.2.0']
HIVE-15650,['2.2.0']
HIVE-15648,[]
HIVE-15646,['2.2.0']
HIVE-15644,['2.3.0']
HIVE-15640,[]
HIVE-15639,['3.0.0']
HIVE-15638,[]
HIVE-15637,['3.0.0']
HIVE-15636,['3.0.0']
HIVE-15635,['3.0.0']
HIVE-15634,[]
HIVE-15633,['2.2.0']
HIVE-15632,['3.0.0']
HIVE-15630,['3.0.0']
HIVE-15628,[]
HIVE-15618,[]
HIVE-15610,[]
HIVE-15609,[]
HIVE-15607,[]
HIVE-15589,['2.2.0']
HIVE-15585,[]
HIVE-15583,['2.2.0']
HIVE-15576,['2.3.0']
HIVE-15574,[]
HIVE-15563,['2.3.0']
HIVE-15553,[]
HIVE-15552,['3.0.0']
HIVE-15549,[]
HIVE-15548,[]
HIVE-15547,[]
HIVE-15545,[]
HIVE-15531,[]
HIVE-15524,[]
HIVE-15517,['2.2.0']
HIVE-15513,[]
HIVE-15512,[]
HIVE-15509,[]
HIVE-15508,[]
HIVE-15506,[]
HIVE-15503,['2.2.0']
HIVE-15498,[]
HIVE-15494,['2.3.0']
HIVE-15493,['2.2.0']
HIVE-15491,[]
HIVE-15487,['2.2.0']
HIVE-15486,[]
HIVE-15484,['2.3.0']
HIVE-15483,['3.0.0']
HIVE-15482,['2.2.0']
HIVE-15477,[]
HIVE-15476,['2.3.0']
HIVE-15474,['2.2.0']
HIVE-15472,['2.2.0']
HIVE-15459,['2.2.0']
HIVE-15445,['2.2.0']
HIVE-15444,[]
HIVE-15443,[]
HIVE-15442,['3.0.0']
HIVE-15440,[]
HIVE-15438,['2.3.0']
HIVE-15435,[]
HIVE-15421,['2.3.0']
HIVE-15418,[]
HIVE-15417,['2.2.0']
HIVE-15415,[]
HIVE-15413,[]
HIVE-15412,[]
HIVE-15407,['2.3.0']
HIVE-15406,['4.0.0-alpha-1']
HIVE-15403,['2.2.0']
HIVE-15402,[]
HIVE-15394,[]
HIVE-15389,['1.3.0']
HIVE-15386,['2.3.0']
HIVE-15380,[]
HIVE-15378,['2.3.0']
HIVE-15376,['2.2.0']
HIVE-15374,[]
HIVE-15369,['2.2.0']
HIVE-15362,['2.3.0']
HIVE-15361,['2.3.0']
HIVE-15356,[]
HIVE-15355,['2.2.0']
HIVE-15353,[]
HIVE-15347,['2.2.0']
HIVE-15329,['2.3.0']
HIVE-15328,[]
HIVE-15327,['2.2.0']
HIVE-15318,[]
HIVE-15317,[]
HIVE-15316,[]
HIVE-15314,[]
HIVE-15311,['2.2.0']
HIVE-15308,['2.2.0']
HIVE-15306,"['2.1.1', '2.2.0']"
HIVE-15304,[]
HIVE-15297,['2.2.0']
HIVE-15295,"['2.1.1', '2.2.0']"
HIVE-15291,['2.2.0']
HIVE-15290,[]
HIVE-15285,[]
HIVE-15283,['2.3.0']
HIVE-15282,['2.3.0']
HIVE-15275,['2.3.0']
HIVE-15273,['2.2.0']
HIVE-15267,['3.0.0']
HIVE-15266,['2.3.0']
HIVE-15264,[]
HIVE-15261,[]
HIVE-15257,['2.3.0']
HIVE-15251,['2.2.0']
HIVE-15247,['2.3.0']
HIVE-15243,[]
HIVE-15239,['2.3.0']
HIVE-15237,['2.3.0']
HIVE-15234,['2.2.0']
HIVE-15233,['2.3.0']
HIVE-15230,[]
HIVE-15218,[]
HIVE-15214,[]
HIVE-15213,[]
HIVE-15211,['2.2.0']
HIVE-15209,[]
HIVE-15204,[]
HIVE-15197,[]
HIVE-15196,['2.2.0']
HIVE-15194,[]
HIVE-15190,"['3.1.0', '4.0.0-alpha-1']"
HIVE-15188,[]
HIVE-15187,[]
HIVE-15186,[]
HIVE-15184,[]
HIVE-15181,"['1.3.0', '2.1.1', '2.2.0']"
HIVE-15175,[]
HIVE-15174,[]
HIVE-15160,['3.0.0']
HIVE-15158,[]
HIVE-15157,[]
HIVE-15155,['2.3.0']
HIVE-15152,[]
HIVE-15143,['2.2.0']
HIVE-15137,"['2.1.1', '2.2.0']"
HIVE-15128,[]
HIVE-15123,"['2.1.1', '2.2.0']"
HIVE-15110,[]
HIVE-15105,[]
HIVE-15102,[]
HIVE-15101,[]
HIVE-15099,"['1.3.0', '2.1.1', '2.2.0']"
HIVE-15096,['2.3.0']
HIVE-15092,[]
HIVE-15091,['2.3.0']
HIVE-15090,"['2.1.1', '2.2.0']"
HIVE-15077,['3.0.0']
HIVE-15070,['2.2.0']
HIVE-15066,[]
HIVE-15065,['2.2.0']
HIVE-15054,['2.3.0']
HIVE-15052,[]
HIVE-15050,[]
HIVE-15046,['2.2.0']
HIVE-15045,[]
HIVE-15040,[]
HIVE-15037,[]
HIVE-15036,['2.2.0']
HIVE-15035,"['2.2.0', '2.3.0']"
HIVE-15030,['2.3.0']
HIVE-15029,['2.2.0']
HIVE-15028,[]
HIVE-15024,[]
HIVE-15017,[]
HIVE-14991,['2.3.0']
HIVE-14982,['2.2.0']
HIVE-14981,['4.0.0-alpha-2']
HIVE-14980,[]
HIVE-14975,[]
HIVE-14966,['2.2.0']
HIVE-14960,['2.3.0']
HIVE-14959,"['2.1.1', '2.2.0']"
HIVE-14925,[]
HIVE-14924,['2.2.0']
HIVE-14918,[]
HIVE-14907,[]
HIVE-14904,[]
HIVE-14903,[]
HIVE-14888,[]
HIVE-14884,[]
HIVE-14873,['2.2.0']
HIVE-14871,[]
HIVE-14869,[]
HIVE-14865,['2.2.0']
HIVE-14848,[]
HIVE-14843,['2.2.0']
HIVE-14839,['2.3.0']
HIVE-14837,['2.2.0']
HIVE-14831,['2.2.0']
HIVE-14829,[]
HIVE-14820,['2.3.0']
HIVE-14819,"['2.1.0', '2.2.0']"
HIVE-14814,"['1.3.0', '2.1.1', '2.2.0']"
HIVE-14809,[]
HIVE-14808,[]
HIVE-14805,['2.2.0']
HIVE-14798,['2.1.1']
HIVE-14794,[]
HIVE-14792,"['2.2.1', '2.4.0', '3.0.0']"
HIVE-14791,[]
HIVE-14789,[]
HIVE-14785,[]
HIVE-14783,['2.2.0']
HIVE-14779,"['2.1.1', '2.2.0']"
HIVE-14773,['2.2.0']
HIVE-14772,[]
HIVE-14766,"['2.1.1', '2.2.0']"
HIVE-14759,[]
HIVE-14751,['2.2.0']
HIVE-14742,[]
HIVE-14741,[]
HIVE-14739,['2.2.0']
HIVE-14737,['4.0.0-alpha-1']
HIVE-14727,['2.3.0']
HIVE-14726,['2.2.0']
HIVE-14708,[]
HIVE-14707,['2.3.0']
HIVE-14706,['2.2.0']
HIVE-14701,[]
HIVE-14698,[]
HIVE-14697,"['2.1.1', '2.2.0']"
HIVE-14694,['2.3.0']
HIVE-14690,"['1.3.0', '2.2.0']"
HIVE-14688,[]
HIVE-14686,['2.3.0']
HIVE-14678,['3.0.0']
HIVE-14674,"['1.3.0', '2.1.1', '2.2.0']"
HIVE-14668,[]
HIVE-14667,[]
HIVE-14658,['2.3.0']
HIVE-14652,"['2.1.1', '2.2.0']"
HIVE-14648,['2.2.0']
HIVE-14647,['2.3.0']
HIVE-14634,['2.3.0']
HIVE-14631,[]
HIVE-14630,[]
HIVE-14624,['2.2.0']
HIVE-14620,[]
HIVE-14619,"['2.1.1', '2.2.0']"
HIVE-14617,['2.3.0']
HIVE-14607,['2.2.0']
HIVE-14605,[]
HIVE-14604,[]
HIVE-14603,[]
HIVE-14602,[]
HIVE-14591,"['2.1.1', '2.2.0']"
HIVE-14570,['2.3.0']
HIVE-14567,[]
HIVE-14566,"['2.1.1', '2.2.0']"
HIVE-14564,['3.0.0']
HIVE-14563,"['2.1.1', '2.2.0']"
HIVE-14557,['4.0.0-alpha-1']
HIVE-14556,['2.3.0']
HIVE-14544,[]
HIVE-14531,[]
HIVE-14530,"['2.1.1', '2.2.0']"
HIVE-14529,['2.1.1']
HIVE-14528,[]
HIVE-14525,[]
HIVE-14524,[]
HIVE-14516,['4.0.0-alpha-1']
HIVE-14509,[]
HIVE-14483,"['1.3.0', '2.0.2', '2.1.1', '2.2.0']"
HIVE-14481,['Not Applicable']
HIVE-14479,"['1.3.0', '2.1.1', '2.2.0']"
HIVE-14463,['2.3.0']
HIVE-14448,"['2.1.1', '2.2.0']"
HIVE-14447,"['1.3.0', '2.1.1', '2.2.0']"
HIVE-14446,"['2.1.1', '2.2.0']"
HIVE-14435,"['2.1.1', '2.2.0']"
HIVE-14433,"['2.1.1', '2.2.0']"
HIVE-14424,"['2.1.1', '2.2.0']"
HIVE-14420,['2.2.0']
HIVE-14417,[]
HIVE-14416,[]
HIVE-14414,"['1.3.0', '2.1.1', '2.2.0']"
HIVE-14410,[]
HIVE-14402,['2.1.1']
HIVE-14400,"['2.1.1', '2.2.0']"
HIVE-14397,"['2.1.1', '2.2.0']"
HIVE-14394,"['2.1.1', '2.2.0']"
HIVE-14393,"['2.1.1', '2.2.0']"
HIVE-14385,[]
HIVE-14384,['2.3.0']
HIVE-14381,"['1.3.0', '2.1.1', '2.2.0']"
HIVE-14367,['2.2.0']
HIVE-14365,[]
HIVE-14363,"['2.1.1', '2.2.0']"
HIVE-14360,['2.2.0']
HIVE-14357,"['2.1.1', '2.2.0']"
HIVE-14355,"['2.1.1', '2.2.0']"
HIVE-14354,[]
HIVE-14352,[]
HIVE-14350,"['1.3.0', '2.1.1', '2.2.0']"
HIVE-14349,"['1.3.0', '2.1.1', '2.2.0']"
HIVE-14348,['2.3.0']
HIVE-14346,['2.3.0']
HIVE-14345,['2.3.0']
HIVE-14344,[]
HIVE-14343,['2.3.0']
HIVE-14342,"['2.1.1', '2.2.0']"
HIVE-14341,[]
HIVE-14339,"['1.3.0', '2.1.1', '2.2.0']"
HIVE-14338,"['2.1.1', '2.2.0']"
HIVE-14334,[]
HIVE-14333,"['2.1.1', '2.2.0']"
HIVE-14330,"['1.3.0', '2.1.1', '2.2.0']"
HIVE-14326,"['2.1.1', '2.2.0']"
HIVE-14324,"['2.1.1', '2.2.0']"
HIVE-14322,"['2.0.2', '2.1.1', '2.2.0']"
HIVE-14318,[]
HIVE-14313,['2.2.0']
HIVE-14311,"['1.3.0', '2.1.1', '2.2.0']"
HIVE-14310,"['2.1.1', '2.2.0']"
HIVE-14308,"['2.1.1', '2.2.0']"
HIVE-14307,[]
HIVE-14304,[]
HIVE-14296,"['2.1.1', '2.2.0']"
HIVE-14295,['2.3.0']
HIVE-14294,['2.3.0']
HIVE-14293,"['2.1.1', '2.2.0']"
HIVE-14292,"['1.3.0', '2.1.1', '2.2.0']"
HIVE-14288,[]
HIVE-14283,[]
HIVE-14278,['2.2.0']
HIVE-14274,[]
HIVE-14268,"['2.1.1', '2.2.0']"
HIVE-14264,[]
HIVE-14258,['2.1.0']
HIVE-14254,['2.3.0']
HIVE-14253,"['2.1.1', '2.2.0']"
HIVE-14251,['2.2.0']
HIVE-14250,[]
HIVE-14246,[]
HIVE-14244,"['2.1.1', '2.2.0']"
HIVE-14243,[]
HIVE-14241,"['1.3.0', '2.1.1', '2.2.0']"
HIVE-14236,"['2.1.1', '2.2.0']"
HIVE-14234,['2.3.0']
HIVE-14232,[]
HIVE-14229,['2.2.0']
HIVE-14227,[]
HIVE-14223,"['2.1.1', '2.2.0']"
HIVE-14222,"['1.3.0', '2.0.2', '2.1.1', '2.2.0']"
HIVE-14215,"['2.1.1', '2.2.0']"
HIVE-14210,"['1.2.2', '1.3.0', '2.1.1', '2.2.0']"
HIVE-14203,[]
HIVE-14201,[]
HIVE-14197,"['2.1.1', '2.2.0']"
HIVE-14195,"['2.1.1', '2.2.0']"
HIVE-14192,"['1.3.0', '2.1.1', '2.2.0']"
HIVE-14184,"['2.1.1', '2.2.0']"
HIVE-14183,[]
HIVE-14178,"['2.1.1', '2.2.0']"
HIVE-14176,"['2.1.1', '2.2.0']"
HIVE-14175,"['2.1.1', '2.2.0']"
HIVE-14174,[]
HIVE-14171,[]
HIVE-14164,[]
HIVE-14156,[]
HIVE-14155,['2.3.0']
HIVE-14153,"['1.3.0', '2.1.1', '2.2.0']"
HIVE-14150,[]
HIVE-14149,['2.2.0']
HIVE-14147,"['1.3.0', '2.1.1', '2.2.0']"
HIVE-14146,['2.3.0']
HIVE-14144,"['2.1.1', '2.2.0']"
HIVE-14143,[]
HIVE-14142,['2.3.0']
HIVE-14141,['2.3.0']
HIVE-14135,['2.3.0']
HIVE-14133,[]
HIVE-14132,"['2.1.1', '2.2.0']"
HIVE-14127,[]
HIVE-14126,['2.3.0']
HIVE-14122,"['2.1.1', '2.2.0']"
HIVE-14121,[]
HIVE-14115,['2.3.0']
HIVE-14109,['2.3.0']
HIVE-14098,"['2.1.1', '2.2.0']"
HIVE-14096,[]
HIVE-14095,[]
HIVE-14092,"['2.1.1', '2.2.0']"
HIVE-14090,"['2.1.1', '2.2.0']"
HIVE-14089,['2.2.0']
HIVE-14088,[]
HIVE-14087,[]
HIVE-14083,"['2.1.1', '2.2.0']"
HIVE-14082,[]
HIVE-14079,"['2.1.1', '2.2.0']"
HIVE-14076,"['2.1.1', '2.2.0']"
HIVE-14074,['2.2.0']
HIVE-14073,"['1.3.0', '2.1.1', '2.2.0']"
HIVE-14066,[]
HIVE-14062,"['2.1.1', '2.2.0']"
HIVE-14061,[]
HIVE-14060,['2.2.0']
HIVE-14059,"['2.1.1', '2.2.0']"
HIVE-14054,['2.3.0']
HIVE-14053,['2.2.0']
HIVE-14049,[]
HIVE-14047,[]
HIVE-14038,"['1.3.0', '2.1.1', '2.2.0']"
HIVE-14032,['3.0.0']
HIVE-14027,"['1.3.0', '2.1.1', '2.2.0']"
HIVE-14022,"['2.1.1', '2.2.0']"
HIVE-14019,['2.0.0']
HIVE-14015,"['2.1.0', '2.2.0']"
HIVE-14013,['2.3.0']
HIVE-14010,"['1.3.0', '2.1.0', '2.2.0']"
HIVE-14007,['2.3.0']
HIVE-14006,['2.1.0']
HIVE-14005,[]
HIVE-14004,"['1.3.0', '2.1.1', '2.2.0']"
HIVE-14003,['2.1.1']
HIVE-13997,"['2.1.1', '2.2.0']"
HIVE-13995,[]
HIVE-13989,"['2.2.1', '2.3.0']"
HIVE-13987,['2.3.0']
HIVE-13985,"['1.3.0', '2.1.1', '2.2.0']"
HIVE-13974,[]
HIVE-13973,['2.1.0']
HIVE-13972,"['1.3.0', '2.1.0']"
HIVE-13967,[]
HIVE-13961,"['1.3.0', '2.1.0']"
HIVE-13958,[]
HIVE-13955,['2.1.0']
HIVE-13954,"['1.3.0', '2.1.0', '2.2.0']"
HIVE-13951,[]
HIVE-13950,[]
HIVE-13945,['2.3.0']
HIVE-13943,[]
HIVE-13934,"['2.1.1', '2.2.0']"
HIVE-13932,"['1.3.0', '2.1.1', '2.2.0']"
HIVE-13929,"['1.3.0', '2.1.0']"
HIVE-13928,[]
HIVE-13927,['2.1.0']
HIVE-13924,"['2.1.0', '2.2.0']"
HIVE-13914,[]
HIVE-13912,"['1.3.0', '2.1.0']"
HIVE-13911,['2.1.0']
HIVE-13904,['2.1.0']
HIVE-13900,['2.3.0']
HIVE-13897,[]
HIVE-13889,[]
HIVE-13887,['2.3.0']
HIVE-13883,['2.3.0']
HIVE-13882,['2.2.0']
HIVE-13878,['2.2.0']
HIVE-13877,[]
HIVE-13876,['2.1.0']
HIVE-13872,['2.2.0']
HIVE-13871,[]
HIVE-13867,['2.1.0']
HIVE-13863,['2.1.0']
HIVE-13861,['2.1.0']
HIVE-13859,['2.1.0']
HIVE-13858,['2.1.0']
HIVE-13856,"['1.3.0', '2.1.0']"
HIVE-13849,['2.1.0']
HIVE-13848,[]
HIVE-13845,['2.1.0']
HIVE-13844,['2.1.0']
HIVE-13841,"['1.3.0', '2.1.0']"
HIVE-13840,"['1.3.0', '2.1.0']"
HIVE-13837,['2.1.0']
HIVE-13834,['2.3.0']
HIVE-13833,"['1.3.0', '2.1.0']"
HIVE-13832,['2.1.0']
HIVE-13831,['2.1.0']
HIVE-13830,[]
HIVE-13829,[]
HIVE-13821,['2.1.0']
HIVE-13818,['2.1.0']
HIVE-13813,['2.3.0']
HIVE-13809,"['2.1.1', '2.2.0']"
HIVE-13801,[]
HIVE-13795,[]
HIVE-13793,[]
HIVE-13790,[]
HIVE-13784,['2.1.0']
HIVE-13781,[]
HIVE-13779,[]
HIVE-13777,[]
HIVE-13768,[]
HIVE-13767,"['1.3.0', '2.1.0']"
HIVE-13765,[]
HIVE-13756,['2.2.0']
HIVE-13755,[]
HIVE-13754,['2.2.0']
HIVE-13753,"['1.3.0', '2.1.0']"
HIVE-13751,['2.1.0']
HIVE-13746,[]
HIVE-13745,[]
HIVE-13744,"['2.1.1', '2.2.0']"
HIVE-13743,['2.1.0']
HIVE-13730,['2.1.0']
HIVE-13728,['2.1.0']
HIVE-13725,"['1.3.0', '2.1.1', '2.2.0']"
HIVE-13720,['2.1.0']
HIVE-13719,['2.1.0']
HIVE-13712,['2.1.0']
HIVE-13709,[]
HIVE-13705,['2.1.0']
HIVE-13704,"['2.1.1', '2.2.0']"
HIVE-13702,[]
HIVE-13701,['2.1.0']
HIVE-13700,['2.1.0']
HIVE-13699,['2.1.0']
HIVE-13693,['2.1.0']
HIVE-13687,[]
HIVE-13686,['2.1.0']
HIVE-13683,['2.1.0']
HIVE-13676,['2.1.0']
HIVE-13671,['2.1.0']
HIVE-13665,['2.3.0']
HIVE-13645,"['1.2.2', '1.3.0', '2.0.1', '2.1.0']"
HIVE-13628,['2.1.0']
HIVE-13627,[]
HIVE-13623,[]
HIVE-13622,"['1.3.0', '2.1.0']"
HIVE-13621,['2.1.0']
HIVE-13619,['2.1.0']
HIVE-13618,['2.1.0']
HIVE-13608,['2.1.0']
HIVE-13604,[]
HIVE-13602,['2.1.0']
HIVE-13600,[]
HIVE-13599,['2.1.0']
HIVE-13574,[]
HIVE-13572,['2.1.0']
HIVE-13571,[]
HIVE-13570,['2.1.0']
HIVE-13563,"['1.3.0', '2.1.0']"
HIVE-13561,['2.1.0']
HIVE-13553,['2.1.0']
HIVE-13545,[]
HIVE-13544,[]
HIVE-13543,[]
HIVE-13542,['2.1.0']
HIVE-13540,['2.3.0']
HIVE-13533,['2.1.0']
HIVE-13528,[]
HIVE-13526,[]
HIVE-13523,"['2.0.1', '2.1.0']"
HIVE-13515,[]
HIVE-13512,['2.1.0']
HIVE-13510,['2.1.0']
HIVE-13494,['2.1.0']
HIVE-13488,['2.1.0']
HIVE-13487,['2.1.0']
HIVE-13485,['2.1.0']
HIVE-13481,[]
HIVE-13466,[]
HIVE-13463,"['2.0.1', '2.1.0']"
HIVE-13458,"['1.3.0', '2.1.0']"
HIVE-13456,[]
HIVE-13455,[]
HIVE-13452,['2.3.0']
HIVE-13440,['2.1.0']
HIVE-13439,['2.1.0']
HIVE-13438,['2.1.0']
HIVE-13434,['2.1.0']
HIVE-13428,"['2.0.1', '2.1.0']"
HIVE-13426,[]
HIVE-13425,[]
HIVE-13423,['2.2.0']
HIVE-13416,[]
HIVE-13410,['2.1.0']
HIVE-13408,[]
HIVE-13405,"['1.3.0', '2.0.1', '2.1.0']"
HIVE-13396,"['2.0.1', '2.1.0']"
HIVE-13395,"['1.3.0', '2.1.0']"
HIVE-13394,"['1.2.2', '2.0.1', '2.1.0']"
HIVE-13390,"['1.2.2', '1.3.0', '2.0.1', '2.1.0']"
HIVE-13388,['2.1.0']
HIVE-13383,['2.2.0']
HIVE-13381,['2.1.0']
HIVE-13373,['2.1.0']
HIVE-13370,[]
HIVE-13361,"['1.3.0', '2.0.1', '2.1.0']"
HIVE-13343,['2.1.0']
HIVE-13342,['2.1.0']
HIVE-13335,['2.3.0']
HIVE-13334,[]
HIVE-13333,['2.1.0']
HIVE-13330,"['1.3.0', '2.0.1', '2.1.0']"
HIVE-13327,"['2.0.1', '2.1.0']"
HIVE-13326,['2.1.0']
HIVE-13325,"['1.3.0', '2.1.0']"
HIVE-13320,['2.1.0']
HIVE-13300,['2.1.0']
HIVE-13299,"['2.0.1', '2.1.0']"
HIVE-13293,['2.1.0']
HIVE-13291,"['1.3.0', '2.1.0']"
HIVE-13289,[]
HIVE-13287,['2.1.0']
HIVE-13286,"['2.0.1', '2.1.0']"
HIVE-13285,"['1.3.0', '2.0.1', '2.1.0']"
HIVE-13284,[]
HIVE-13282,[]
HIVE-13280,[]
HIVE-13276,[]
HIVE-13269,['2.1.0']
HIVE-13267,['2.1.0']
HIVE-13264,"['2.1.1', '2.2.0']"
HIVE-13262,['2.1.0']
HIVE-13261,['2.1.0']
HIVE-13260,['2.1.0']
HIVE-13258,['2.2.0']
HIVE-13257,[]
HIVE-13256,[]
HIVE-13255,"['2.0.1', '2.1.0']"
HIVE-13254,[]
HIVE-13251,['2.1.0']
HIVE-13246,"['1.3.0', '2.1.0']"
HIVE-13245,[]
HIVE-13242,"['2.0.1', '2.1.0']"
HIVE-13240,"['1.3.0', '2.0.1', '2.1.0']"
HIVE-13236,"['2.0.1', '2.1.0']"
HIVE-13235,[]
HIVE-13233,['2.1.0']
HIVE-13228,[]
HIVE-13227,['2.1.0']
HIVE-13225,[]
HIVE-13223,['2.1.0']
HIVE-13220,[]
HIVE-13217,['2.1.0']
HIVE-13216,"['1.3.0', '2.1.0']"
HIVE-13214,[]
HIVE-13210,['2.1.0']
HIVE-13209,['2.1.0']
HIVE-13201,"['1.3.0', '2.1.0']"
HIVE-13200,"['1.3.0', '2.0.1', '2.1.0']"
HIVE-13199,"['2.0.1', '2.1.0']"
HIVE-13197,['2.1.0']
HIVE-13195,[]
HIVE-13191,"['1.3.0', '2.1.1', '2.2.0']"
HIVE-13190,[]
HIVE-13187,[]
HIVE-13186,"['1.3.0', '2.1.0']"
HIVE-13185,['2.1.0']
HIVE-13177,[]
HIVE-13175,"['1.3.0', '2.1.0']"
HIVE-13174,"['1.3.0', '2.1.0']"
HIVE-13170,[]
HIVE-13169,['2.1.0']
HIVE-13168,[]
HIVE-13167,[]
HIVE-13163,['2.1.0']
HIVE-13161,[]
HIVE-13159,['2.2.0']
HIVE-13157,[]
HIVE-13155,[]
HIVE-13153,"['2.0.1', '2.1.0']"
HIVE-13151,"['1.3.0', '2.0.1', '2.1.0']"
HIVE-13148,[]
HIVE-13144,"['1.3.0', '2.0.1', '2.1.0']"
HIVE-13143,[]
HIVE-13141,['2.1.0']
HIVE-13135,['2.1.0']
HIVE-13134,"['2.0.1', '2.1.0']"
HIVE-13128,['2.1.0']
HIVE-13126,"['2.0.1', '2.1.0']"
HIVE-13119,[]
HIVE-13110,"['2.0.1', '2.1.0']"
HIVE-13109,[]
HIVE-13108,"['1.3.0', '2.0.1', '2.1.0']"
HIVE-13105,"['2.0.1', '2.1.0']"
HIVE-13101,['2.1.0']
HIVE-13100,['2.1.0']
HIVE-13096,['2.1.0']
HIVE-13094,['2.1.0']
HIVE-13089,['2.1.0']
HIVE-13087,['2.1.0']
HIVE-13086,"['2.0.1', '2.1.0']"
HIVE-13083,"['1.3.0', '2.0.1', '2.1.0']"
HIVE-13082,"['1.3.0', '2.1.0']"
HIVE-13079,"['2.0.1', '2.1.0']"
HIVE-13077,['2.1.0']
HIVE-13073,[]
HIVE-13071,[]
HIVE-13070,['2.1.0']
HIVE-13067,[]
HIVE-13065,"['1.3.0', '2.1.0']"
HIVE-13062,['2.1.0']
HIVE-13042,"['1.3.0', '2.1.0']"
HIVE-13039,"['1.3.0', '2.1.0']"
HIVE-13036,"['2.0.1', '2.1.0']"
HIVE-13032,['2.0.0']
HIVE-13024,['2.0.0']
HIVE-13023,[]
HIVE-13016,"['1.3.0', '2.1.0']"
HIVE-13015,['2.1.0']
HIVE-13000,['3.0.0']
HIVE-12999,"['1.3.0', '2.1.0']"
HIVE-12996,"['1.3.0', '2.1.0']"
HIVE-12995,['2.1.0']
HIVE-12993,['2.1.0']
HIVE-12992,"['1.2.2', '2.0.1', '2.1.0']"
HIVE-12990,"['2.0.1', '2.1.0']"
HIVE-12981,"['1.2.2', '1.3.0', '2.1.0']"
HIVE-12980,[]
HIVE-12964,['2.0.0']
HIVE-12947,['2.0.0']
HIVE-12945,['2.0.0']
HIVE-12937,"['1.2.2', '1.3.0', '2.0.1', '2.1.0']"
HIVE-12933,['2.1.0']
HIVE-12931,['2.0.0']
HIVE-12927,['2.1.0']
HIVE-12926,['2.0.0']
HIVE-12911,['2.0.0']
HIVE-12909,"['1.3.0', '2.1.0']"
HIVE-12905,['2.0.0']
HIVE-12904,['2.0.0']
HIVE-12896,[]
HIVE-12893,"['1.3.0', '2.0.0']"
HIVE-12881,[]
HIVE-12879,['2.0.0']
HIVE-12864,['2.0.0']
HIVE-12846,[]
HIVE-12837,['2.1.0']
HIVE-12826,['2.0.0']
HIVE-12824,['2.0.0']
HIVE-12820,['2.0.0']
HIVE-12815,"['1.3.0', '2.0.0']"
HIVE-12812,['4.0.0-alpha-1']
HIVE-12809,['2.0.0']
HIVE-12808,['2.1.0']
HIVE-12800,['2.0.0']
HIVE-12797,['2.0.0']
HIVE-12792,['2.1.0']
HIVE-12786,['2.0.0']
HIVE-12784,"['1.3.0', '2.1.0']"
HIVE-12768,['2.0.0']
HIVE-12767,[]
HIVE-12766,['2.0.0']
HIVE-12762,['2.0.0']
HIVE-12758,['2.0.0']
HIVE-12757,['2.1.0']
HIVE-12752,['2.1.0']
HIVE-12743,['2.0.0']
HIVE-12741,"['1.3.0', '2.0.0']"
HIVE-12740,['2.0.0']
HIVE-12735,"['1.3.0', '2.0.0']"
HIVE-12734,"['2.2.1', '3.0.0']"
HIVE-12732,[]
HIVE-12731,[]
HIVE-12728,['2.0.0']
HIVE-12726,['2.0.0']
HIVE-12725,"['1.3.0', '2.1.0']"
HIVE-12724,"['1.3.0', '2.0.0']"
HIVE-12712,"['1.3.0', '2.0.0']"
HIVE-12708,"['spark-branch', '2.1.0']"
HIVE-12698,"['1.3.0', '2.0.0']"
HIVE-12694,['2.0.0']
HIVE-12688,['2.0.0']
HIVE-12687,['2.0.0']
HIVE-12685,['2.0.0']
HIVE-12684,"['1.3.0', '2.0.0']"
HIVE-12662,['2.0.0']
HIVE-12659,[]
HIVE-12657,['2.0.0']
HIVE-12656,['2.3.0']
HIVE-12644,['2.0.0']
HIVE-12643,['2.1.0']
HIVE-12639,[]
HIVE-12635,['2.1.0']
HIVE-12633,['2.0.0']
HIVE-12630,[]
HIVE-12614,['2.3.0']
HIVE-12609,['2.0.0']
HIVE-12603,[]
HIVE-12601,['2.0.0']
HIVE-12599,['2.0.0']
HIVE-12596,['2.0.0']
HIVE-12590,['2.0.0']
HIVE-12584,"['1.3.0', '2.0.0']"
HIVE-12578,['2.0.0']
HIVE-12577,['2.0.0']
HIVE-12572,[]
HIVE-12569,[]
HIVE-12542,['2.0.0']
HIVE-12537,['2.0.0']
HIVE-12535,[]
HIVE-12532,['2.0.0']
HIVE-12510,['2.0.0']
HIVE-12509,['2.0.0']
HIVE-12508,['2.0.0']
HIVE-12503,['2.0.0']
HIVE-12500,"['1.3.0', '2.0.0']"
HIVE-12498,"['1.3.0', '2.0.0']"
HIVE-12491,['2.0.0']
HIVE-12490,"['1.3.0', '2.0.0']"
HIVE-12487,['2.0.0']
HIVE-12479,['2.0.0']
HIVE-12478,['2.1.0']
HIVE-12477,['2.0.0']
HIVE-12473,"['1.3.0', '2.0.0']"
HIVE-12472,"['1.3.0', '2.0.0']"
HIVE-12465,"['1.3.0', '2.0.0']"
HIVE-12463,"['1.3.0', '2.0.0']"
HIVE-12462,['2.0.0']
HIVE-12458,[]
HIVE-12456,['2.0.0']
HIVE-12453,[]
HIVE-12452,[]
HIVE-12451,['3.0.0']
HIVE-12450,"['1.3.0', '2.0.0']"
HIVE-12445,['2.0.0']
HIVE-12435,['2.0.0']
HIVE-12420,[]
HIVE-12412,[]
HIVE-12407,['2.0.0']
HIVE-12405,[]
HIVE-12404,['2.0.0']
HIVE-12400,[]
HIVE-12399,"['1.3.0', '2.0.0']"
HIVE-12396,['2.0.0']
HIVE-12394,[]
HIVE-12393,[]
HIVE-12391,"['1.3.0', '2.0.0']"
HIVE-12385,['2.0.0']
HIVE-12378,"['1.3.0', '2.0.0']"
HIVE-12364,"['1.3.0', '2.0.0']"
HIVE-12363,"['1.3.0', '2.0.0']"
HIVE-12349,"['1.3.0', '2.0.0']"
HIVE-12344,"['0.14.1', '1.0.2', '1.1.2', '1.2.2', '1.3.0', '2.0.0']"
HIVE-12332,['2.0.0']
HIVE-12330,['2.0.0']
HIVE-12315,"['1.3.0', '2.0.0']"
HIVE-12304,['2.0.0']
HIVE-12302,['2.0.0']
HIVE-12281,['2.0.0']
HIVE-12264,[]
HIVE-12261,"['1.3.0', '2.0.0']"
HIVE-12260,['2.0.0']
HIVE-12257,"['1.3.0', '2.0.0']"
HIVE-12246,['2.0.0']
HIVE-12238,['2.0.0']
HIVE-12234,['2.0.0']
HIVE-12223,"['1.3.0', '2.0.0']"
HIVE-12215,"['1.3.0', '2.0.0']"
HIVE-12210,['2.0.0']
HIVE-12208,"['1.3.0', '2.0.0']"
HIVE-12207,['2.0.0']
HIVE-12204,"['1.3.0', '2.0.0']"
HIVE-12198,['2.0.0']
HIVE-12189,"['1.3.0', '2.0.0']"
HIVE-12171,['2.0.0']
HIVE-12169,[]
HIVE-12166,['2.0.0']
HIVE-12165,"['2.0.1', '2.1.0']"
HIVE-12160,[]
HIVE-12090,"['1.3.0', '2.0.0']"
HIVE-12086,[]
HIVE-12068,[]
HIVE-12058,"['1.3.0', '2.0.0']"
HIVE-12044,[]
HIVE-12039,['2.1.0']
HIVE-12024,[]
HIVE-12021,"['1.2.2', '1.3.0', '2.0.0']"
HIVE-12008,['2.0.0']
HIVE-11980,['2.0.0']
HIVE-11975,"['1.2.2', '1.3.0', '2.0.0']"
HIVE-11966,"['1.3.0', '2.0.1', '2.1.0']"
HIVE-11954,['2.0.0']
HIVE-11945,"['1.3.0', '2.0.0']"
HIVE-11932,"['1.3.0', '2.0.0']"
HIVE-11928,"['1.3.0', '2.0.0']"
HIVE-11924,[]
HIVE-11922,"['1.3.0', '2.0.0']"
HIVE-11889,"['1.3.0', '2.0.0']"
HIVE-11875,['2.0.0']
HIVE-11863,['2.3.0']
HIVE-11861,[]
HIVE-11860,"['1.3.0', '2.0.0']"
HIVE-11847,[]
HIVE-11845,[]
HIVE-11843,['2.0.0']
HIVE-11842,['2.0.0']
HIVE-11841,"['1.1.2', '1.2.2', '1.3.0', '2.0.0']"
HIVE-11838,"['1.3.0', '2.0.0']"
HIVE-11835,"['1.3.0', '2.0.0']"
HIVE-11832,"['1.2.2', '1.3.0', '2.0.0']"
HIVE-11826,"['1.3.0', '2.0.0']"
HIVE-11824,"['1.3.0', '2.0.0']"
HIVE-11821,"['1.3.0', '2.0.0']"
HIVE-11820,['2.0.0']
HIVE-11813,['2.0.0']
HIVE-11812,[]
HIVE-11801,['2.0.0']
HIVE-11795,['1.2.1']
HIVE-11792,['2.0.0']
HIVE-11784,[]
HIVE-11781,['2.0.0']
HIVE-11761,"['1.3.0', '2.0.0']"
HIVE-11751,['2.0.0']
HIVE-11745,"['1.2.2', '1.3.0', '2.0.0']"
HIVE-11726,['2.0.0']
HIVE-11723,['2.0.0']
HIVE-11721,['2.0.0']
HIVE-11710,['2.0.0']
HIVE-11705,['2.0.0']
HIVE-11698,['2.0.0']
HIVE-11696,"['1.3.0', '2.0.0']"
HIVE-11679,[]
HIVE-11669,"['1.3.0', '2.0.0']"
HIVE-11658,"['1.3.0', '2.0.0']"
HIVE-11653,[]
HIVE-11652,"['1.3.0', '2.0.0']"
HIVE-11608,[]
HIVE-11604,['2.0.0']
HIVE-11602,['2.0.0']
HIVE-11596,"['1.3.0', '2.0.0']"
HIVE-11594,"['1.3.0', '2.0.0']"
HIVE-11592,"['1.3.0', '2.0.0']"
HIVE-11590,['2.0.0']
HIVE-11581,"['1.3.0', '2.0.0']"
HIVE-11578,"['1.3.0', '2.0.0']"
HIVE-11573,['2.0.0']
HIVE-11556,"['1.3.0', '2.0.0']"
HIVE-11546,"['1.3.0', '2.0.0']"
HIVE-11541,"['1.3.0', '2.0.0']"
HIVE-11511,"['1.3.0', '2.0.0']"
HIVE-11498,"['1.2.1', '1.3.0', '2.0.0']"
HIVE-11497,"['1.3.0', '2.0.0']"
HIVE-11494,[]
HIVE-11493,['2.0.0']
HIVE-11477,[]
HIVE-11476,"['1.3.0', '2.0.0']"
HIVE-11472,"['1.3.0', '2.0.0']"
HIVE-11468,"['1.3.0', '2.0.0']"
HIVE-11462,"['1.3.0', '2.0.0']"
HIVE-11452,['2.0.0']
HIVE-11451,['2.0.0']
HIVE-11446,[]
HIVE-11434,"['1.3.0', '2.0.0']"
HIVE-11433,"['1.3.0', '2.0.0']"
HIVE-11430,"['1.3.0', '2.0.0']"
HIVE-11428,"['1.3.0', '2.0.0']"
HIVE-11425,['2.0.0']
HIVE-11423,[]
HIVE-11413,['2.0.0']
HIVE-11406,"['1.3.0', '2.0.0']"
HIVE-11397,"['1.3.0', '2.0.0']"
HIVE-11392,[]
HIVE-11375,['2.0.0']
HIVE-11332,[]
HIVE-11312,['2.0.0']
HIVE-11303,"['1.3.0', '2.0.0']"
HIVE-11297,['3.0.0']
HIVE-11293,['2.0.0']
HIVE-11284,['2.0.0']
HIVE-11258,"['1.3.0', '2.0.0']"
HIVE-11255,"['1.3.0', '2.0.0']"
HIVE-11237,[]
HIVE-11230,['2.0.0']
HIVE-11229,['2.0.0']
HIVE-11228,['2.0.0']
HIVE-11221,"['1.3.0', '2.0.0']"
HIVE-11215,"['1.3.0', '2.0.0']"
HIVE-11202,['2.0.0']
HIVE-11198,"['1.3.0', '2.0.0']"
HIVE-11194,"['1.3.0', '2.0.0']"
HIVE-11168,[]
HIVE-11165,[]
HIVE-11157,"['1.3.0', '2.0.0']"
HIVE-11135,['2.0.0']
HIVE-11122,"['1.3.0', '2.0.0']"
HIVE-11120,"['1.3.0', '2.0.0']"
HIVE-11118,"['1.3.0', '2.0.0']"
HIVE-11116,[]
HIVE-11102,"['1.2.1', '1.3.0', '2.0.0']"
HIVE-11058,[]
HIVE-11051,"['1.3.0', '2.0.0']"
HIVE-11043,['2.0.0']
HIVE-11039,[]
HIVE-11038,[]
HIVE-11035,['1.2.1']
HIVE-11031,['1.2.1']
HIVE-11023,['1.2.1']
HIVE-11021,[]
HIVE-10996,"['1.1.1', '1.2.2', '2.0.0']"
HIVE-10993,[]
HIVE-10974,['2.0.0']
HIVE-10972,"['1.3.0', '2.0.0']"
HIVE-10707,"['1.3.0', '2.0.0']"
HIVE-10651,"['1.3.0', '2.0.0']"
HIVE-10233,['1.3.0']
HIVE-10100,[]
HIVE-10021,"['1.3.0', '2.0.0']"
HIVE-9499,"['2.0.1', '2.1.0']"
HIVE-7428,[]
HIVE-7239,['2.2.0']
HIVE-4605,[]
HIVE-4413,[]
HIVE-4243,['2.0.0']
HIVE-1863,['0.7.0']
